시간,발전량
2025-01-01 00:00,7.406839379740626
2025-01-01 01:00,4.523165195342823
2025-01-01 02:00,5.387897687802337
2025-01-01 03:00,6.564518339817171
2025-01-01 04:00,2.593090277178467
2025-01-01 05:00,3.7229844207141047
2025-01-01 06:00,5.363896832782263
2025-01-01 07:00,4.680783130229866
2025-01-01 08:00,6.76515814070266
2025-01-01 09:00,4.7957795711870075
2025-01-01 10:00,3.8858407887329105
2025-01-01 11:00,5.676170344780122
2025-01-01 12:00,5.544270083307912
2025-01-01 13:00,11.07954403000314
2025-01-01 14:00,10.587775015297666
2025-01-01 15:00,11.483925718365048
2025-01-01 16:00,13.230533142537023
2025-01-01 17:00,7.154699947756316
2025-01-01 18:00,9.183593623343782
2025-01-01 19:00,12.92803352431862
2025-01-01 20:00,12.334290564083075
2025-01-01 21:00,11.842736469910225
2025-01-01 22:00,16.023870822798216
2025-01-01 23:00,4.847248166860787
2025-01-02 00:00,5.238568332477262
2025-01-02 01:00,5.006223778539334
2025-01-02 02:00,3.187152830993492
2025-01-02 03:00,6.8468872356558315
2025-01-02 04:00,4.064981345550659
2025-01-02 05:00,5.670127799277317
2025-01-02 06:00,7.086912271907815
2025-01-02 07:00,5.933746364546179
2025-01-02 08:00,3.6378774132275846
2025-01-02 09:00,4.558163085916226
2025-01-02 10:00,4.100318610136398
2025-01-02 11:00,4.140240358794209
2025-01-02 12:00,8.019854788561506
2025-01-02 13:00,10.876770831735534
2025-01-02 14:00,14.505005781327604
2025-01-02 15:00,11.550102412602552
2025-01-02 16:00,20.69512053232131
2025-01-02 17:00,20.05325499370352
2025-01-02 18:00,14.548750291447242
2025-01-02 19:00,21.198675874065174
2025-01-02 20:00,17.437265926924802
2025-01-02 21:00,16.329056837014324
2025-01-02 22:00,13.998151914812585
2025-01-02 23:00,13.16271661051079
2025-01-03 00:00,23.103887702230963
2025-01-03 01:00,26.765205819488237
2025-01-03 02:00,30.49837543528975
2025-01-03 03:00,16.77310618458833
2025-01-03 04:00,37.21980083952106
2025-01-03 05:00,31.763660779011126
2025-01-03 06:00,29.73667135486138
2025-01-03 07:00,28.2217833530255
2025-01-03 08:00,32.8323165960376
2025-01-03 09:00,27.91402804780944
2025-01-03 10:00,14.613096172041482
2025-01-03 11:00,15.77760977427857
2025-01-03 12:00,10.39604566008242
2025-01-03 13:00,6.751652196606907
2025-01-03 14:00,4.2127248148597065
2025-01-03 15:00,2.6719794602173588
2025-01-03 16:00,2.9091010807541755
2025-01-03 17:00,10.380368701569992
2025-01-03 18:00,14.044472738423504
2025-01-03 19:00,16.568452928525645
2025-01-03 20:00,27.552626160511217
2025-01-03 21:00,34.0262973674306
2025-01-03 22:00,28.1773441201291
2025-01-03 23:00,26.78233176668133
2025-01-04 00:00,7.384337597452491
2025-01-04 01:00,4.313827290918878
2025-01-04 02:00,7.597908986131567
2025-01-04 03:00,2.6320601616756614
2025-01-04 04:00,2.757667872690631
2025-01-04 05:00,4.741313064446271
2025-01-04 06:00,2.656196960486257
2025-01-04 07:00,2.249526961819912
2025-01-04 08:00,2.5397409698270534
2025-01-04 09:00,2.2144662739945447
2025-01-04 10:00,1.8014408864489522
2025-01-04 11:00,0.7238399222460835
2025-01-04 12:00,0.20799459086790686
2025-01-04 13:00,0.5131586613738802
2025-01-04 14:00,3.1922084066862366
2025-01-04 15:00,1.0650752866045141
2025-01-04 16:00,1.8994002078689047
2025-01-04 17:00,1.8022874984430308
2025-01-04 18:00,1.3244731194895882
2025-01-04 19:00,0.8583902064481155
2025-01-04 20:00,1.9638940017924114
2025-01-04 21:00,3.7266049456313644
2025-01-04 22:00,1.4341414688479737
2025-01-04 23:00,3.2031027218664803
2025-01-05 00:00,9.96891721520107
2025-01-05 01:00,5.6521278897069065
2025-01-05 02:00,8.960371072986398
2025-01-05 03:00,14.193946074685314
2025-01-05 04:00,19.14849475111249
2025-01-05 05:00,25.664519190258453
2025-01-05 06:00,26.61337860242276
2025-01-05 07:00,30.813596342403113
2025-01-05 08:00,36.728269515118356
2025-01-05 09:00,36.644110780537446
2025-01-05 10:00,35.76941411532722
2025-01-05 11:00,40.18408526070286
2025-01-05 12:00,47.45776100348105
2025-01-05 13:00,44.08217883751685
2025-01-05 14:00,48.07007911423634
2025-01-05 15:00,35.05373571092144
2025-01-05 16:00,14.749836209227077
2025-01-05 17:00,15.708748491797024
2025-01-05 18:00,12.810659894662042
2025-01-05 19:00,5.179511782994607
2025-01-05 20:00,8.756432886779837
2025-01-05 21:00,7.658625562226612
2025-01-05 22:00,2.4643296771167806
2025-01-05 23:00,3.147802111314715
2025-01-06 00:00,17.955662985842576
2025-01-06 01:00,17.411835351561123
2025-01-06 02:00,18.370963230199706
2025-01-06 03:00,17.020902542445924
2025-01-06 04:00,22.414171613639557
2025-01-06 05:00,16.16853141650135
2025-01-06 06:00,14.881605813645372
2025-01-06 07:00,17.45129291496253
2025-01-06 08:00,21.210825200969506
2025-01-06 09:00,15.885847904868665
2025-01-06 10:00,21.81850467382329
2025-01-06 11:00,31.762648229989104
2025-01-06 12:00,40.45229364725968
2025-01-06 13:00,48.7789024544428
2025-01-06 14:00,51.967250576997046
2025-01-06 15:00,54.22457627142377
2025-01-06 16:00,52.602786821323214
2025-01-06 17:00,54.83702925221553
2025-01-06 18:00,54.72015875234699
2025-01-06 19:00,57.43726645737654
2025-01-06 20:00,56.422461909466634
2025-01-06 21:00,56.68512433729073
2025-01-06 22:00,57.390182040912805
2025-01-06 23:00,56.034288723128384
2025-01-07 00:00,56.782149797864406
2025-01-07 01:00,57.50856660154335
2025-01-07 02:00,56.00898511445212
2025-01-07 03:00,58.71294719928873
2025-01-07 04:00,43.951472269147025
2025-01-07 05:00,30.772361937946627
2025-01-07 06:00,15.865704990148664
2025-01-07 07:00,16.67820468933443
2025-01-07 08:00,21.00850771366823
2025-01-07 09:00,5.3053742358219225
2025-01-07 10:00,16.96731563733501
2025-01-07 11:00,19.835973003030787
2025-01-07 12:00,27.987192885872943
2025-01-07 13:00,37.415886179802726
2025-01-07 14:00,49.4746803403126
2025-01-07 15:00,55.53941678416944
2025-01-07 16:00,48.88147906534485
2025-01-07 17:00,45.747772513933135
2025-01-07 18:00,42.598117735669504
2025-01-07 19:00,44.5471689350025
2025-01-07 20:00,28.390078530786703
2025-01-07 21:00,27.665735840102776
2025-01-07 22:00,34.54080336932536
2025-01-07 23:00,16.312274769278346
2025-01-08 00:00,49.1774113471419
2025-01-08 01:00,29.808105849579906
2025-01-08 02:00,30.370516533903874
2025-01-08 03:00,14.755169414309613
2025-01-08 04:00,23.868067637364653
2025-01-08 05:00,19.011405805307355
2025-01-08 06:00,8.508378925266651
2025-01-08 07:00,10.827136382241694
2025-01-08 08:00,14.359471402780947
2025-01-08 09:00,15.560215289733888
2025-01-08 10:00,14.569060247419994
2025-01-08 11:00,17.08725291816603
2025-01-08 12:00,22.84146621496359
2025-01-08 13:00,23.47623222079049
2025-01-08 14:00,36.3995075759958
2025-01-08 15:00,38.04505842657144
2025-01-08 16:00,34.90702492398378
2025-01-08 17:00,39.172472571508024
2025-01-08 18:00,51.209373508544004
2025-01-08 19:00,50.07069120629258
2025-01-08 20:00,57.69947311052232
2025-01-08 21:00,60.95496570544852
2025-01-08 22:00,59.89355609406042
2025-01-08 23:00,55.17815290741072
2025-01-09 00:00,58.419091369085436
2025-01-09 01:00,55.230100376697166
2025-01-09 02:00,56.93497783259614
2025-01-09 03:00,55.97437061322795
2025-01-09 04:00,55.81806910585834
2025-01-09 05:00,55.109041310850316
2025-01-09 06:00,55.65510448086113
2025-01-09 07:00,52.87369730832401
2025-01-09 08:00,52.9803032353138
2025-01-09 09:00,52.33610776765276
2025-01-09 10:00,51.721471252824465
2025-01-09 11:00,54.86189383837328
2025-01-09 12:00,55.688251179787585
2025-01-09 13:00,51.057009407789586
2025-01-09 14:00,51.0178294688711
2025-01-09 15:00,52.316102130167856
2025-01-09 16:00,55.27250681602174
2025-01-09 17:00,53.341857420296755
2025-01-09 18:00,54.92819337937296
2025-01-09 19:00,55.64804255512195
2025-01-09 20:00,55.802101781568105
2025-01-09 21:00,52.46785284327968
2025-01-09 22:00,38.339163471102495
2025-01-09 23:00,35.623766120415276
2025-01-10 00:00,16.762698071665202
2025-01-10 01:00,9.703791678393499
2025-01-10 02:00,9.659245401468079
2025-01-10 03:00,5.26982663635106
2025-01-10 04:00,3.860390163391046
2025-01-10 05:00,3.728701083836719
2025-01-10 06:00,3.3763716622418523
2025-01-10 07:00,4.576867393298189
2025-01-10 08:00,3.2920600942144587
2025-01-10 09:00,2.9804837950284835
2025-01-10 10:00,2.115063905725904
2025-01-10 11:00,1.0960482761774542
2025-01-10 12:00,0.818057319689877
2025-01-10 13:00,2.826739442517649
2025-01-10 14:00,2.6206246576583974
2025-01-10 15:00,4.051062031974879
2025-01-10 16:00,9.287553149844594
2025-01-10 17:00,3.9039986775970186
2025-01-10 18:00,0.9379812518255847
2025-01-10 19:00,2.4805854844878668
2025-01-10 20:00,2.6464782737337837
2025-01-10 21:00,1.1812819077946761
2025-01-10 22:00,6.164076522307743
2025-01-10 23:00,1.7994709324819729
2025-01-11 00:00,5.154079605206709
2025-01-11 01:00,4.897651494932799
2025-01-11 02:00,5.374389510953032
2025-01-11 03:00,3.880765065422927
2025-01-11 04:00,4.0608454114113925
2025-01-11 05:00,3.4808990454740405
2025-01-11 06:00,3.959809717664339
2025-01-11 07:00,4.059697284803545
2025-01-11 08:00,3.2017838179895204
2025-01-11 09:00,4.1644331813412
2025-01-11 10:00,3.881897823194081
2025-01-11 11:00,2.1198286950405216
2025-01-11 12:00,1.8776650128513896
2025-01-11 13:00,3.415381511104501
2025-01-11 14:00,0.5751305405257525
2025-01-11 15:00,1.6540584078963847
2025-01-11 16:00,1.3698380730866437
2025-01-11 17:00,2.6999453251674153
2025-01-11 18:00,4.083143874904897
2025-01-11 19:00,3.3723233508027777
2025-01-11 20:00,4.6861211423002445
2025-01-11 21:00,9.049577989942087
2025-01-11 22:00,2.854080614712694
2025-01-11 23:00,5.907815969912805
2025-01-12 00:00,5.34973511279745
2025-01-12 01:00,5.784529319521038
2025-01-12 02:00,8.350141975615673
2025-01-12 03:00,7.79311346903245
2025-01-12 04:00,5.812430475067087
2025-01-12 05:00,11.386676858063066
2025-01-12 06:00,7.988707591337979
2025-01-12 07:00,4.492119284062447
2025-01-12 08:00,3.952803038629339
2025-01-12 09:00,1.6701775388611075
2025-01-12 10:00,6.135532947946073
2025-01-12 11:00,1.9557180496540827
2025-01-12 12:00,2.368557205138479
2025-01-12 13:00,3.4862075686498857
2025-01-12 14:00,3.6901359929781083
2025-01-12 15:00,3.774848646766952
2025-01-12 16:00,5.565334798288262
2025-01-12 17:00,4.218415273793385
2025-01-12 18:00,8.493420274034627
2025-01-12 19:00,5.941118873641583
2025-01-12 20:00,4.209190941250175
2025-01-12 21:00,7.2076302058313315
2025-01-12 22:00,12.324154089190703
2025-01-12 23:00,3.772775901302973
2025-01-13 00:00,10.656534600317334
2025-01-13 01:00,11.076675280277957
2025-01-13 02:00,5.161787958573505
2025-01-13 03:00,8.402251104758612
2025-01-13 04:00,11.728900547303393
2025-01-13 05:00,9.64682243113472
2025-01-13 06:00,9.047335573728269
2025-01-13 07:00,7.424864964331476
2025-01-13 08:00,1.4520784273202056
2025-01-13 09:00,1.3523518269899917
2025-01-13 10:00,1.0377013945515396
2025-01-13 11:00,0.693630610521664
2025-01-13 12:00,0.6631037435550264
2025-01-13 13:00,0.770139432873037
2025-01-13 14:00,2.1885383151428726
2025-01-13 15:00,2.8270965221913142
2025-01-13 16:00,5.231638420854033
2025-01-13 17:00,8.672241020753535
2025-01-13 18:00,12.28479245925194
2025-01-13 19:00,23.201625250873683
2025-01-13 20:00,25.317309697362923
2025-01-13 21:00,24.514043555208332
2025-01-13 22:00,25.848718478825504
2025-01-13 23:00,39.2609088895524
2025-01-14 00:00,15.547860728443869
2025-01-14 01:00,20.585758941656664
2025-01-14 02:00,17.31309162372072
2025-01-14 03:00,33.17162285026637
2025-01-14 04:00,30.756339773019825
2025-01-14 05:00,37.57643720239186
2025-01-14 06:00,37.32632983330787
2025-01-14 07:00,30.28768993600999
2025-01-14 08:00,28.941398618353645
2025-01-14 09:00,21.87063135197444
2025-01-14 10:00,14.358585454501734
2025-01-14 11:00,11.771103049654071
2025-01-14 12:00,16.136034790911708
2025-01-14 13:00,9.070954293087244
2025-01-14 14:00,17.921611613310418
2025-01-14 15:00,21.272671691653876
2025-01-14 16:00,23.782525350940343
2025-01-14 17:00,20.583101584953347
2025-01-14 18:00,30.055875872571374
2025-01-14 19:00,27.40127304456755
2025-01-14 20:00,28.26015976973758
2025-01-14 21:00,46.26996452352505
2025-01-14 22:00,46.85733240014459
2025-01-14 23:00,37.23935359379467
2025-01-15 00:00,42.68217414687852
2025-01-15 01:00,48.10273289399957
2025-01-15 02:00,34.9450240282645
2025-01-15 03:00,40.51663267444497
2025-01-15 04:00,46.23790613684076
2025-01-15 05:00,53.83558708155901
2025-01-15 06:00,51.79848006907787
2025-01-15 07:00,54.23837278998139
2025-01-15 08:00,52.15017889230184
2025-01-15 09:00,54.937538297449905
2025-01-15 10:00,54.188292852607496
2025-01-15 11:00,53.63705730347124
2025-01-15 12:00,53.308975280529665
2025-01-15 13:00,50.62672029621497
2025-01-15 14:00,50.43206640746091
2025-01-15 15:00,50.0914227331581
2025-01-15 16:00,48.484573599323134
2025-01-15 17:00,45.01297999902323
2025-01-15 18:00,34.71964343387545
2025-01-15 19:00,45.93350531161276
2025-01-15 20:00,32.8089287913977
2025-01-15 21:00,33.64313194190793
2025-01-15 22:00,29.92704658255265
2025-01-15 23:00,12.373251951437961
2025-01-16 00:00,2.536811553441356
2025-01-16 01:00,3.2198637271038626
2025-01-16 02:00,4.515778287015858
2025-01-16 03:00,5.476731638613154
2025-01-16 04:00,1.6376030608509826
2025-01-16 05:00,4.119037135843341
2025-01-16 06:00,5.8916362691602036
2025-01-16 07:00,2.1681934071424513
2025-01-16 08:00,3.751080435469567
2025-01-16 09:00,8.476417139682328
2025-01-16 10:00,9.102821228430667
2025-01-16 11:00,11.579460846431294
2025-01-16 12:00,13.732245064591883
2025-01-16 13:00,19.749738770202512
2025-01-16 14:00,21.412868684767417
2025-01-16 15:00,19.650648691650726
2025-01-16 16:00,22.239608279399505
2025-01-16 17:00,14.668792921239469
2025-01-16 18:00,9.845684378971123
2025-01-16 19:00,12.023504526605798
2025-01-16 20:00,11.808638822160873
2025-01-16 21:00,11.825693140147383
2025-01-16 22:00,12.479799972993376
2025-01-16 23:00,12.958457059329191
2025-01-17 00:00,11.821296208578005
2025-01-17 01:00,9.621012258427236
2025-01-17 02:00,18.335957604718438
2025-01-17 03:00,20.01883460215519
2025-01-17 04:00,10.959409974672251
2025-01-17 05:00,5.263203053134353
2025-01-17 06:00,1.7149047117557235
2025-01-17 07:00,2.3288447420325284
2025-01-17 08:00,1.5122376828863278
2025-01-17 09:00,3.200611231599301
2025-01-17 10:00,1.8984638044090802
2025-01-17 11:00,3.9125098357145913
2025-01-17 12:00,11.792167902521637
2025-01-17 13:00,8.211069972202107
2025-01-17 14:00,14.534353864007727
2025-01-17 15:00,19.107926776881598
2025-01-17 16:00,20.546460877612493
2025-01-17 17:00,14.621628981704907
2025-01-17 18:00,18.545810656516128
2025-01-17 19:00,22.80564945649313
2025-01-17 20:00,18.54997589292521
2025-01-17 21:00,17.185056587582537
2025-01-17 22:00,25.46881564622121
2025-01-17 23:00,20.71607477104086
2025-01-18 00:00,4.99805026830791
2025-01-18 01:00,5.68030439400716
2025-01-18 02:00,7.990738022552618
2025-01-18 03:00,6.681116877482065
2025-01-18 04:00,8.611283142788572
2025-01-18 05:00,6.3753273512468045
2025-01-18 06:00,6.241907481667075
2025-01-18 07:00,7.418104924255784
2025-01-18 08:00,2.7651274082765287
2025-01-18 09:00,6.249836570285869
2025-01-18 10:00,2.593669761424738
2025-01-18 11:00,4.055043748789189
2025-01-18 12:00,2.5745691547577376
2025-01-18 13:00,1.4029447958317824
2025-01-18 14:00,3.079296443962842
2025-01-18 15:00,2.9690816081359537
2025-01-18 16:00,4.358008668038417
2025-01-18 17:00,4.382883064013244
2025-01-18 18:00,8.005726608640515
2025-01-18 19:00,8.857753030017822
2025-01-18 20:00,9.139820617907448
2025-01-18 21:00,9.679228027424841
2025-01-18 22:00,4.126035789702465
2025-01-18 23:00,2.3793729082658794
2025-01-19 00:00,1.4721659707002739
2025-01-19 01:00,0.8648365511984882
2025-01-19 02:00,0.8802520494421604
2025-01-19 03:00,2.800355496778537
2025-01-19 04:00,0.7191036597101611
2025-01-19 05:00,1.1917196883578622
2025-01-19 06:00,2.9266625501507244
2025-01-19 07:00,2.1216513476236933
2025-01-19 08:00,2.7866397746116807
2025-01-19 09:00,2.7507157310826598
2025-01-19 10:00,3.4443214012537644
2025-01-19 11:00,1.6135823416807158
2025-01-19 12:00,1.0928747376672059
2025-01-19 13:00,1.9466208690518134
2025-01-19 14:00,2.3405845970256953
2025-01-19 15:00,1.610666989552498
2025-01-19 16:00,1.961132621593281
2025-01-19 17:00,2.9516027461511016
2025-01-19 18:00,3.759695893956045
2025-01-19 19:00,5.267021611158061
2025-01-19 20:00,3.9834188998319218
2025-01-19 21:00,4.922862204397706
2025-01-19 22:00,4.814581668765974
2025-01-19 23:00,6.918961505097519
2025-01-20 00:00,3.9636227982997583
2025-01-20 01:00,5.190158065436847
2025-01-20 02:00,5.444899833354944
2025-01-20 03:00,3.646352499925195
2025-01-20 04:00,3.5312074878315487
2025-01-20 05:00,3.4445463405801524
2025-01-20 06:00,3.2525140563007584
2025-01-20 07:00,3.317335147803939
2025-01-20 08:00,5.8136827080182
2025-01-20 09:00,5.230943090394801
2025-01-20 10:00,4.92872672930985
2025-01-20 11:00,4.073141895925989
2025-01-20 12:00,6.201046522823503
2025-01-20 13:00,5.447532418150785
2025-01-20 14:00,5.512540713045286
2025-01-20 15:00,6.9317182617571955
2025-01-20 16:00,4.9041595181145325
2025-01-20 17:00,6.140557179386217
2025-01-20 18:00,7.5718445558714755
2025-01-20 19:00,6.607956491553621
2025-01-20 20:00,7.367220142850533
2025-01-20 21:00,9.354988141953143
2025-01-20 22:00,9.563706608418013
2025-01-20 23:00,3.036721233994788
2025-01-21 00:00,5.520322885993053
2025-01-21 01:00,3.8990959449142095
2025-01-21 02:00,5.795235038114622
2025-01-21 03:00,1.5963625702029285
2025-01-21 04:00,2.5073256684146195
2025-01-21 05:00,1.963477267149604
2025-01-21 06:00,2.068072187083054
2025-01-21 07:00,1.1742249762740034
2025-01-21 08:00,1.428277750434412
2025-01-21 09:00,1.6424073468421216
2025-01-21 10:00,3.2596606554969947
2025-01-21 11:00,1.379707950407934
2025-01-21 12:00,0.43443348910624785
2025-01-21 13:00,1.3439640479058712
2025-01-21 14:00,2.2585637348515277
2025-01-21 15:00,1.2048822842455853
2025-01-21 16:00,2.1248990017360887
2025-01-21 17:00,1.56043911116234
2025-01-21 18:00,3.3607208963527193
2025-01-21 19:00,1.5870639391216668
2025-01-21 20:00,2.9334365904067656
2025-01-21 21:00,1.949145219803591
2025-01-21 22:00,4.0581018226430325
2025-01-21 23:00,4.8611301145603125
2025-01-22 00:00,2.1797074581358826
2025-01-22 01:00,1.272956430827528
2025-01-22 02:00,0.6949748111837994
2025-01-22 03:00,1.624358830668112
2025-01-22 04:00,3.4617439017793687
2025-01-22 05:00,2.112045941984092
2025-01-22 06:00,4.664153239211259
2025-01-22 07:00,3.0919777977959817
2025-01-22 08:00,4.924221951057878
2025-01-22 09:00,3.0069392611467896
2025-01-22 10:00,2.794611121121836
2025-01-22 11:00,3.4566415475835477
2025-01-22 12:00,4.945340215582499
2025-01-22 13:00,4.303119260892601
2025-01-22 14:00,5.214978277145432
2025-01-22 15:00,5.078845488972924
2025-01-22 16:00,5.549887605144469
2025-01-22 17:00,7.786228312313473
2025-01-22 18:00,7.105869433896004
2025-01-22 19:00,8.054080730260152
2025-01-22 20:00,5.891945087286425
2025-01-22 21:00,4.385248665962929
2025-01-22 22:00,3.7624034902063683
2025-01-22 23:00,5.387111592133844
2025-01-23 00:00,6.252280762373404
2025-01-23 01:00,9.07229436320105
2025-01-23 02:00,5.993991809365812
2025-01-23 03:00,11.379346873050057
2025-01-23 04:00,4.192690636241858
2025-01-23 05:00,4.528919917257089
2025-01-23 06:00,3.734197302462303
2025-01-23 07:00,2.540769318479883
2025-01-23 08:00,5.320326727994143
2025-01-23 09:00,4.700328901073764
2025-01-23 10:00,3.3422719483776726
2025-01-23 11:00,3.547760776068732
2025-01-23 12:00,6.075101918258434
2025-01-23 13:00,6.863344394053133
2025-01-23 14:00,8.588994805384598
2025-01-23 15:00,11.617184070894574
2025-01-23 16:00,11.987535126344675
2025-01-23 17:00,9.454643831384494
2025-01-23 18:00,8.55625011706849
2025-01-23 19:00,15.46884628015358
2025-01-23 20:00,9.863308259407084
2025-01-23 21:00,10.957480573346576
2025-01-23 22:00,11.845155528704147
2025-01-23 23:00,16.057066900681924
2025-01-24 00:00,7.650312918068892
2025-01-24 01:00,6.2860455826889625
2025-01-24 02:00,6.788519185317918
2025-01-24 03:00,6.699440969856827
2025-01-24 04:00,6.130050517395622
2025-01-24 05:00,9.627491160221215
2025-01-24 06:00,6.967442607538317
2025-01-24 07:00,4.049772427729568
2025-01-24 08:00,3.4889143899898896
2025-01-24 09:00,2.8990180668251178
2025-01-24 10:00,5.252014780909416
2025-01-24 11:00,6.331642705226573
2025-01-24 12:00,8.595757795219253
2025-01-24 13:00,17.23401068987033
2025-01-24 14:00,18.074324427804072
2025-01-24 15:00,19.320141208449655
2025-01-24 16:00,22.931101203040434
2025-01-24 17:00,22.599728633363654
2025-01-24 18:00,22.32185603697161
2025-01-24 19:00,16.579452272308945
2025-01-24 20:00,11.653784193263727
2025-01-24 21:00,15.937054134709904
2025-01-24 22:00,15.774555353831868
2025-01-24 23:00,14.422120064620152
2025-01-25 00:00,8.128801918875384
2025-01-25 01:00,7.866150602452851
2025-01-25 02:00,8.267027737685234
2025-01-25 03:00,8.068263309789062
2025-01-25 04:00,6.810601137470029
2025-01-25 05:00,9.462718618640551
2025-01-25 06:00,11.382620190401413
2025-01-25 07:00,10.896061894282115
2025-01-25 08:00,11.43388758660106
2025-01-25 09:00,10.03853558227858
2025-01-25 10:00,12.23413948314191
2025-01-25 11:00,8.33147198302569
2025-01-25 12:00,8.099587322264036
2025-01-25 13:00,9.543964530803773
2025-01-25 14:00,8.475395468393408
2025-01-25 15:00,8.18207082227819
2025-01-25 16:00,12.829595300438001
2025-01-25 17:00,9.115443104018695
2025-01-25 18:00,10.297891345743142
2025-01-25 19:00,14.712381678839172
2025-01-25 20:00,13.895820271931289
2025-01-25 21:00,20.52707376515736
2025-01-25 22:00,18.38695758379704
2025-01-25 23:00,12.582609927814705
2025-01-26 00:00,4.294376590337401
2025-01-26 01:00,4.515331585338966
2025-01-26 02:00,4.996475301394144
2025-01-26 03:00,3.539738638771805
2025-01-26 04:00,6.37978837667783
2025-01-26 05:00,7.642432799073519
2025-01-26 06:00,4.634130178124127
2025-01-26 07:00,4.60378723305216
2025-01-26 08:00,3.3508712516502124
2025-01-26 09:00,3.9749691987224116
2025-01-26 10:00,2.6914761562902854
2025-01-26 11:00,2.4231635018201194
2025-01-26 12:00,1.7497227460456668
2025-01-26 13:00,2.219457390923898
2025-01-26 14:00,1.809968258609156
2025-01-26 15:00,1.3453539800319767
2025-01-26 16:00,0.642188478546769
2025-01-26 17:00,1.6123283172249867
2025-01-26 18:00,0.4630503295782248
2025-01-26 19:00,1.2440475334794519
2025-01-26 20:00,2.669752906060997
2025-01-26 21:00,0.8203661404665947
2025-01-26 22:00,2.9831041154344407
2025-01-26 23:00,3.642833289347964
2025-01-27 00:00,4.966686278063218
2025-01-27 01:00,4.983244581056407
2025-01-27 02:00,6.553904553272751
2025-01-27 03:00,6.565321079820473
2025-01-27 04:00,13.63841683212072
2025-01-27 05:00,22.933276673896167
2025-01-27 06:00,19.047985471041272
2025-01-27 07:00,25.997162960894713
2025-01-27 08:00,40.4497212251313
2025-01-27 09:00,24.235468688174983
2025-01-27 10:00,25.236307916866053
2025-01-27 11:00,35.16325994672522
2025-01-27 12:00,41.504478680963125
2025-01-27 13:00,37.21432066245859
2025-01-27 14:00,42.50127800580297
2025-01-27 15:00,51.13294596531814
2025-01-27 16:00,37.06549460301528
2025-01-27 17:00,53.69058401906892
2025-01-27 18:00,47.01878591748725
2025-01-27 19:00,54.88887955430695
2025-01-27 20:00,50.79201836996003
2025-01-27 21:00,49.32435473096146
2025-01-27 22:00,50.08798310029192
2025-01-27 23:00,49.7818521723084
2025-01-28 00:00,49.14619394540142
2025-01-28 01:00,48.869115368580964
2025-01-28 02:00,48.55133316560156
2025-01-28 03:00,49.754781511322555
2025-01-28 04:00,45.25990081317089
2025-01-28 05:00,47.72066854899576
2025-01-28 06:00,49.07649095508307
2025-01-28 07:00,48.30138184035167
2025-01-28 08:00,49.39619264113365
2025-01-28 09:00,48.272687611274904
2025-01-28 10:00,47.731006928601644
2025-01-28 11:00,51.80107554566534
2025-01-28 12:00,46.392672553562534
2025-01-28 13:00,53.92556363964418
2025-01-28 14:00,49.43616588035425
2025-01-28 15:00,52.30764749523256
2025-01-28 16:00,47.42762932288987
2025-01-28 17:00,52.97242379382182
2025-01-28 18:00,54.41655764038557
2025-01-28 19:00,51.13735589137134
2025-01-28 20:00,59.742067005171606
2025-01-28 21:00,51.76102729698978
2025-01-28 22:00,51.09115121880962
2025-01-28 23:00,51.252178803604465
2025-01-29 00:00,51.912431948573015
2025-01-29 01:00,49.94842777883113
2025-01-29 02:00,43.52935842611521
2025-01-29 03:00,49.375597420272456
2025-01-29 04:00,53.23522012196179
2025-01-29 05:00,52.524530325238004
2025-01-29 06:00,50.414376088804104
2025-01-29 07:00,48.594480036112195
2025-01-29 08:00,50.1510427245169
2025-01-29 09:00,48.34337302404218
2025-01-29 10:00,47.44973751064932
2025-01-29 11:00,49.16787914832097
2025-01-29 12:00,49.967922806060315
2025-01-29 13:00,52.28491769033256
2025-01-29 14:00,51.8015908375248
2025-01-29 15:00,51.506062197059485
2025-01-29 16:00,47.76847974664679
2025-01-29 17:00,50.395670526218055
2025-01-29 18:00,49.16194691909858
2025-01-29 19:00,51.786168974341834
2025-01-29 20:00,48.99477272924391
2025-01-29 21:00,33.40561639755151
2025-01-29 22:00,49.18878549301135
2025-01-29 23:00,47.106432720688886
2025-01-30 00:00,5.272036441473798
2025-01-30 01:00,6.247192188920522
2025-01-30 02:00,6.141456799849177
2025-01-30 03:00,4.863548229582618
2025-01-30 04:00,4.399267898039422
2025-01-30 05:00,3.965387804771765
2025-01-30 06:00,6.348925943357946
2025-01-30 07:00,5.156563835295503
2025-01-30 08:00,6.215719490566318
2025-01-30 09:00,5.774640421079521
2025-01-30 10:00,6.605935622800647
2025-01-30 11:00,3.4493749987175106
2025-01-30 12:00,2.2077054705844636
2025-01-30 13:00,4.419516809315676
2025-01-30 14:00,3.915581364101331
2025-01-30 15:00,4.0423276216936666
2025-01-30 16:00,5.744113303463918
2025-01-30 17:00,5.935089906007379
2025-01-30 18:00,7.553582802793835
2025-01-30 19:00,7.746880012168342
2025-01-30 20:00,3.512326970024702
2025-01-30 21:00,6.53789265384403
2025-01-30 22:00,3.4127453393173806
2025-01-30 23:00,6.399855639869729
2025-01-31 00:00,2.1119965503109475
2025-01-31 01:00,2.5656114615146146
2025-01-31 02:00,1.770801647336886
2025-01-31 03:00,1.1061913824746705
2025-01-31 04:00,1.6330525022590718
2025-01-31 05:00,0.8304255346778675
2025-01-31 06:00,1.0901639563080523
2025-01-31 07:00,0.9603738498018457
2025-01-31 08:00,0.7608913276240707
2025-01-31 09:00,2.333223491555609
2025-01-31 10:00,2.6329604952981454
2025-01-31 11:00,0.6849004636848606
2025-01-31 12:00,1.1543322822706774
2025-01-31 13:00,1.05195754376252
2025-01-31 14:00,0.7841752462355365
2025-01-31 15:00,1.395954192022629
2025-01-31 16:00,2.298649389374284
2025-01-31 17:00,0.880722525853817
2025-01-31 18:00,1.2994552232216363
2025-01-31 19:00,2.6248287425537287
2025-01-31 20:00,1.575756223986078
2025-01-31 21:00,2.80446596667642
2025-01-31 22:00,2.665234247259355
2025-01-31 23:00,2.622600297284358
2025-02-01 00:00,3.7333677592493046
2025-02-01 01:00,3.0571626293563803
2025-02-01 02:00,3.174227667814406
2025-02-01 03:00,2.304369963515224
2025-02-01 04:00,1.964561546463626
2025-02-01 05:00,3.8794290293182963
2025-02-01 06:00,4.1558874475347745
2025-02-01 07:00,4.073455674389247
2025-02-01 08:00,2.34327263617709
2025-02-01 09:00,3.8209591785745127
2025-02-01 10:00,3.60296379859353
2025-02-01 11:00,3.9472364806623395
2025-02-01 12:00,5.442072919625016
2025-02-01 13:00,6.935689092985167
2025-02-01 14:00,9.243953897259427
2025-02-01 15:00,7.231117038980705
2025-02-01 16:00,10.89745036680501
2025-02-01 17:00,7.5123576575353015
2025-02-01 18:00,6.529087651271794
2025-02-01 19:00,9.798848515047471
2025-02-01 20:00,11.75987469092105
2025-02-01 21:00,4.779826842559896
2025-02-01 22:00,8.963332849578954
2025-02-01 23:00,11.609117949489914
2025-02-02 00:00,9.453992452103664
2025-02-02 01:00,8.428999074876028
2025-02-02 02:00,7.076006300687249
2025-02-02 03:00,6.983495526883187
2025-02-02 04:00,4.7353967031698065
2025-02-02 05:00,3.6907633766856742
2025-02-02 06:00,2.823514428260992
2025-02-02 07:00,5.414402126037865
2025-02-02 08:00,3.5851858340303906
2025-02-02 09:00,1.4087732921626859
2025-02-02 10:00,3.802568811715493
2025-02-02 11:00,2.605999633743034
2025-02-02 12:00,3.9551378944059357
2025-02-02 13:00,6.467944883230379
2025-02-02 14:00,6.074005751599942
2025-02-02 15:00,8.498784323940992
2025-02-02 16:00,11.760591313826959
2025-02-02 17:00,12.864144495863819
2025-02-02 18:00,16.72752244754165
2025-02-02 19:00,21.881894348366288
2025-02-02 20:00,21.581461936457565
2025-02-02 21:00,14.47301105476371
2025-02-02 22:00,13.967962447255756
2025-02-02 23:00,25.78998286192739
2025-02-03 00:00,20.5408798334413
2025-02-03 01:00,24.978750159483184
2025-02-03 02:00,39.01879168243336
2025-02-03 03:00,39.132471338075426
2025-02-03 04:00,56.64584850119955
2025-02-03 05:00,58.07330503674814
2025-02-03 06:00,61.17840558522406
2025-02-03 07:00,58.81686795966951
2025-02-03 08:00,57.37051619432016
2025-02-03 09:00,55.908551994671186
2025-02-03 10:00,55.5894780148152
2025-02-03 11:00,56.716883995023586
2025-02-03 12:00,56.00640667606433
2025-02-03 13:00,56.59904746338688
2025-02-03 14:00,58.192163777835745
2025-02-03 15:00,55.31036251823006
2025-02-03 16:00,59.000144008728384
2025-02-03 17:00,56.37963800888357
2025-02-03 18:00,56.021940530479725
2025-02-03 19:00,57.032737405552226
2025-02-03 20:00,61.664011072811284
2025-02-03 21:00,58.8382004057389
2025-02-03 22:00,62.09686401277332
2025-02-03 23:00,59.05850737877006
2025-02-04 00:00,53.8101256432695
2025-02-04 01:00,57.92317967749122
2025-02-04 02:00,57.524969355399165
2025-02-04 03:00,56.22533856353892
2025-02-04 04:00,55.946562743416465
2025-02-04 05:00,53.989132910377336
2025-02-04 06:00,56.76422794178882
2025-02-04 07:00,56.378571876782146
2025-02-04 08:00,52.58244575425954
2025-02-04 09:00,51.46362538950551
2025-02-04 10:00,53.91638498135252
2025-02-04 11:00,50.30019289429154
2025-02-04 12:00,52.2289016986676
2025-02-04 13:00,54.05975856830524
2025-02-04 14:00,51.103854816384185
2025-02-04 15:00,49.84761416267641
2025-02-04 16:00,51.71295206779325
2025-02-04 17:00,53.26381972437797
2025-02-04 18:00,52.702943192897195
2025-02-04 19:00,53.17077182105085
2025-02-04 20:00,53.91649946425035
2025-02-04 21:00,51.54687417765072
2025-02-04 22:00,50.965206563777656
2025-02-04 23:00,51.16005365721125
2025-02-05 00:00,53.41135262901767
2025-02-05 01:00,48.98641904701125
2025-02-05 02:00,49.25408054649881
2025-02-05 03:00,44.43820584371838
2025-02-05 04:00,36.725407795721
2025-02-05 05:00,33.79478877122577
2025-02-05 06:00,36.979466110119986
2025-02-05 07:00,26.593662172920556
2025-02-05 08:00,28.484130364952613
2025-02-05 09:00,29.045288894266626
2025-02-05 10:00,21.160355823426436
2025-02-05 11:00,25.947820508247688
2025-02-05 12:00,28.045875446681016
2025-02-05 13:00,22.882889092202742
2025-02-05 14:00,35.633907276009516
2025-02-05 15:00,35.343521231968275
2025-02-05 16:00,32.8158381366729
2025-02-05 17:00,41.26312636934074
2025-02-05 18:00,51.75277502209313
2025-02-05 19:00,54.70988256233346
2025-02-05 20:00,55.29046972883274
2025-02-05 21:00,56.7965580265205
2025-02-05 22:00,54.54142792185779
2025-02-05 23:00,51.964408845465414
2025-02-06 00:00,36.7951354180166
2025-02-06 01:00,30.910616687578585
2025-02-06 02:00,22.933998963724736
2025-02-06 03:00,22.392541948795753
2025-02-06 04:00,11.427432732792699
2025-02-06 05:00,2.570558978280844
2025-02-06 06:00,3.2919951817402033
2025-02-06 07:00,4.216323806373081
2025-02-06 08:00,5.237284323605501
2025-02-06 09:00,8.851679258303397
2025-02-06 10:00,9.21471428446333
2025-02-06 11:00,16.51417178874727
2025-02-06 12:00,17.527626972685567
2025-02-06 13:00,14.840908173541946
2025-02-06 14:00,27.48850955206662
2025-02-06 15:00,30.392090026609814
2025-02-06 16:00,26.716173325465377
2025-02-06 17:00,33.30503213411759
2025-02-06 18:00,35.7470352929966
2025-02-06 19:00,35.22527181302853
2025-02-06 20:00,48.3054301149259
2025-02-06 21:00,54.14897401600148
2025-02-06 22:00,57.47337879616542
2025-02-06 23:00,51.59105898766359
2025-02-07 00:00,19.16836491705436
2025-02-07 01:00,7.538106714576623
2025-02-07 02:00,15.58389331784953
2025-02-07 03:00,14.690558918570694
2025-02-07 04:00,22.444042015124815
2025-02-07 05:00,24.70659551399673
2025-02-07 06:00,37.116308996914825
2025-02-07 07:00,34.35020319454156
2025-02-07 08:00,44.00757804420958
2025-02-07 09:00,52.58522196778985
2025-02-07 10:00,51.709609216911716
2025-02-07 11:00,53.93447847935289
2025-02-07 12:00,55.52256181619081
2025-02-07 13:00,56.11168349630502
2025-02-07 14:00,54.580376712950795
2025-02-07 15:00,56.01184196015639
2025-02-07 16:00,56.070014652669556
2025-02-07 17:00,56.557604289770474
2025-02-07 18:00,56.944188370168845
2025-02-07 19:00,57.08552960610794
2025-02-07 20:00,56.451091942703
2025-02-07 21:00,56.99045326306318
2025-02-07 22:00,56.07251574433393
2025-02-07 23:00,52.92921644338662
2025-02-08 00:00,36.26485240891221
2025-02-08 01:00,38.37262328407998
2025-02-08 02:00,35.79479056545924
2025-02-08 03:00,34.03312036616846
2025-02-08 04:00,36.44425020433015
2025-02-08 05:00,27.97751322053069
2025-02-08 06:00,25.712092334113933
2025-02-08 07:00,31.248836011276133
2025-02-08 08:00,26.28664476160588
2025-02-08 09:00,23.234053575542717
2025-02-08 10:00,33.123420033805154
2025-02-08 11:00,33.48920023707697
2025-02-08 12:00,49.717382598924445
2025-02-08 13:00,50.920801433172905
2025-02-08 14:00,52.6531040960465
2025-02-08 15:00,47.82743403306749
2025-02-08 16:00,43.0489664474793
2025-02-08 17:00,23.93065015465026
2025-02-08 18:00,16.827772394224155
2025-02-08 19:00,11.269915905963263
2025-02-08 20:00,4.672896620177197
2025-02-08 21:00,4.726986204035276
2025-02-08 22:00,3.269788042389795
2025-02-08 23:00,2.717386094697156
2025-02-09 00:00,3.4786290127093835
2025-02-09 01:00,3.316516417129795
2025-02-09 02:00,2.973632369245461
2025-02-09 03:00,2.633730116802989
2025-02-09 04:00,2.6498809929002336
2025-02-09 05:00,2.276676867451792
2025-02-09 06:00,2.5506036355262784
2025-02-09 07:00,4.309926984755676
2025-02-09 08:00,2.8057551387757567
2025-02-09 09:00,2.3795493152984792
2025-02-09 10:00,1.1216471325970483
2025-02-09 11:00,1.774175332751206
2025-02-09 12:00,6.110202110909435
2025-02-09 13:00,5.259021146729436
2025-02-09 14:00,6.3451801867335345
2025-02-09 15:00,10.490365729978272
2025-02-09 16:00,15.066210765314379
2025-02-09 17:00,17.377791709448076
2025-02-09 18:00,24.678452400217477
2025-02-09 19:00,26.908476870023094
2025-02-09 20:00,18.96358584908024
2025-02-09 21:00,24.655878462437087
2025-02-09 22:00,7.7816396442573845
2025-02-09 23:00,1.9664680497234466
2025-02-10 00:00,3.96343651333402
2025-02-10 01:00,5.012270514223646
2025-02-10 02:00,9.419519106856546
2025-02-10 03:00,9.615834240481902
2025-02-10 04:00,4.584911727602959
2025-02-10 05:00,2.2105612947524538
2025-02-10 06:00,2.5531814985672554
2025-02-10 07:00,3.8725410687583706
2025-02-10 08:00,2.397060853545996
2025-02-10 09:00,3.4760944524076303
2025-02-10 10:00,6.931670226705086
2025-02-10 11:00,6.137475410226749
2025-02-10 12:00,8.152747625047041
2025-02-10 13:00,9.959243380560402
2025-02-10 14:00,15.196889134372542
2025-02-10 15:00,19.371233289577738
2025-02-10 16:00,18.997357230480574
2025-02-10 17:00,18.248353303243345
2025-02-10 18:00,16.13213130834628
2025-02-10 19:00,13.242461210049733
2025-02-10 20:00,10.480237221677328
2025-02-10 21:00,2.4259712900406134
2025-02-10 22:00,3.4572657727943366
2025-02-10 23:00,1.6166476064272814
2025-02-11 00:00,4.585662775764337
2025-02-11 01:00,3.761724070028068
2025-02-11 02:00,4.5824543261975315
2025-02-11 03:00,4.235487488718498
2025-02-11 04:00,3.9141195837586835
2025-02-11 05:00,4.728933783186724
2025-02-11 06:00,2.8799911961939912
2025-02-11 07:00,3.417086902448655
2025-02-11 08:00,3.807415360660641
2025-02-11 09:00,2.023543211226221
2025-02-11 10:00,2.049771011511004
2025-02-11 11:00,0.4306866349743601
2025-02-11 12:00,0.17066918701546202
2025-02-11 13:00,0.7480583119037165
2025-02-11 14:00,0.33542947114849386
2025-02-11 15:00,0.1631539601364434
2025-02-11 16:00,0.7649924704502818
2025-02-11 17:00,0.27051980600763437
2025-02-11 18:00,0.861373890589679
2025-02-11 19:00,2.858015585472857
2025-02-11 20:00,1.7060533332867276
2025-02-11 21:00,2.782243021244976
2025-02-11 22:00,4.5708601193854665
2025-02-11 23:00,2.318401225103996
2025-02-12 00:00,1.536046265825434
2025-02-12 01:00,1.5757715441545976
2025-02-12 02:00,1.8187375140275739
2025-02-12 03:00,2.8726757213043745
2025-02-12 04:00,3.174774811647552
2025-02-12 05:00,3.1676896503706304
2025-02-12 06:00,4.8275298302817875
2025-02-12 07:00,5.162931183210353
2025-02-12 08:00,3.590925801071384
2025-02-12 09:00,2.4095808013888016
2025-02-12 10:00,4.809042542330433
2025-02-12 11:00,9.391088934909611
2025-02-12 12:00,10.169788357445615
2025-02-12 13:00,22.002966251574286
2025-02-12 14:00,25.344502309130988
2025-02-12 15:00,33.59582120069203
2025-02-12 16:00,38.15462778189637
2025-02-12 17:00,53.927650193039725
2025-02-12 18:00,56.36927579838978
2025-02-12 19:00,56.76662021587175
2025-02-12 20:00,57.91959055783015
2025-02-12 21:00,58.18967525742623
2025-02-12 22:00,58.813793493183596
2025-02-12 23:00,61.82611991381954
2025-02-13 00:00,57.94106514702821
2025-02-13 01:00,52.21389403498051
2025-02-13 02:00,47.06935808296842
2025-02-13 03:00,36.535347439085285
2025-02-13 04:00,21.630076261003673
2025-02-13 05:00,12.035500800007728
2025-02-13 06:00,10.684702919431295
2025-02-13 07:00,5.4432613092905004
2025-02-13 08:00,3.123148153178036
2025-02-13 09:00,2.772494743142675
2025-02-13 10:00,3.1686544366140774
2025-02-13 11:00,5.132571784392837
2025-02-13 12:00,6.612420364446821
2025-02-13 13:00,8.853015777498802
2025-02-13 14:00,13.171469653055969
2025-02-13 15:00,13.668952101692263
2025-02-13 16:00,16.336936821465876
2025-02-13 17:00,17.24592227832578
2025-02-13 18:00,9.995078446157981
2025-02-13 19:00,10.426879565868038
2025-02-13 20:00,11.296164756336633
2025-02-13 21:00,9.368249602227296
2025-02-13 22:00,6.693208073688582
2025-02-13 23:00,9.914621538414707
2025-02-14 00:00,15.458774850474578
2025-02-14 01:00,13.852565421426032
2025-02-14 02:00,12.394128400063387
2025-02-14 03:00,6.87463697477092
2025-02-14 04:00,8.793286171568916
2025-02-14 05:00,6.695648505465673
2025-02-14 06:00,5.392958894986108
2025-02-14 07:00,2.1579019117081386
2025-02-14 08:00,2.9990474942970824
2025-02-14 09:00,1.158045309130905
2025-02-14 10:00,2.926299176243705
2025-02-14 11:00,1.9846838446219692
2025-02-14 12:00,1.7520358480210425
2025-02-14 13:00,1.8412573465230475
2025-02-14 14:00,2.159134013405798
2025-02-14 15:00,2.8975498051468387
2025-02-14 16:00,2.3873774990131205
2025-02-14 17:00,1.3732603220786732
2025-02-14 18:00,1.9680960376420642
2025-02-14 19:00,3.164330703292464
2025-02-14 20:00,2.0829078770656126
2025-02-14 21:00,2.85480426261451
2025-02-14 22:00,0.8562911663408912
2025-02-14 23:00,3.325546819864827
2025-02-15 00:00,3.5240500961802343
2025-02-15 01:00,5.657032601533565
2025-02-15 02:00,1.90560600321316
2025-02-15 03:00,1.2705227565297303
2025-02-15 04:00,1.1209851908645379
2025-02-15 05:00,1.1984666924556588
2025-02-15 06:00,1.7578546947755274
2025-02-15 07:00,1.3269352613951377
2025-02-15 08:00,1.4194770157673506
2025-02-15 09:00,1.0707557114537067
2025-02-15 10:00,3.417009498222596
2025-02-15 11:00,1.0913611823798823
2025-02-15 12:00,1.4064748355428263
2025-02-15 13:00,1.364471119790978
2025-02-15 14:00,2.438685522523994
2025-02-15 15:00,1.842384194694691
2025-02-15 16:00,2.2388932574523657
2025-02-15 17:00,2.6629403682770834
2025-02-15 18:00,3.6654674998372387
2025-02-15 19:00,2.393729258388392
2025-02-15 20:00,0.8407543383846097
2025-02-15 21:00,0.06368986014131818
2025-02-15 22:00,0.09867164758894575
2025-02-15 23:00,1.4473736004908648
2025-02-16 00:00,3.72471766578417
2025-02-16 01:00,6.205530013400247
2025-02-16 02:00,2.9481931876820195
2025-02-16 03:00,1.939658836494587
2025-02-16 04:00,3.736186218094085
2025-02-16 05:00,1.2901748599966185
2025-02-16 06:00,1.662784762559241
2025-02-16 07:00,1.3664067996217626
2025-02-16 08:00,3.812630970791501
2025-02-16 09:00,4.47262452189846
2025-02-16 10:00,4.912647254760886
2025-02-16 11:00,6.627679775480443
2025-02-16 12:00,11.844263207982882
2025-02-16 13:00,16.71130544148828
2025-02-16 14:00,8.729123620493244
2025-02-16 15:00,22.957384470844623
2025-02-16 16:00,25.38923644300901
2025-02-16 17:00,16.701984150056823
2025-02-16 18:00,22.395557487423943
2025-02-16 19:00,31.480240344413602
2025-02-16 20:00,31.278154426411923
2025-02-16 21:00,52.560516705520655
2025-02-16 22:00,38.9968343925357
2025-02-16 23:00,45.700750092938605
2025-02-17 00:00,54.40085443456825
2025-02-17 01:00,54.30162544684892
2025-02-17 02:00,55.91378137183471
2025-02-17 03:00,55.97451709385169
2025-02-17 04:00,43.43310527006486
2025-02-17 05:00,48.64738522285495
2025-02-17 06:00,49.67072679156357
2025-02-17 07:00,48.24170103253458
2025-02-17 08:00,46.49588741183712
2025-02-17 09:00,47.609180217910996
2025-02-17 10:00,50.24015713523736
2025-02-17 11:00,50.501231548596046
2025-02-17 12:00,52.772715337889935
2025-02-17 13:00,51.45929730325137
2025-02-17 14:00,49.65928746120021
2025-02-17 15:00,50.09282795942737
2025-02-17 16:00,51.24884186618013
2025-02-17 17:00,51.51008595045992
2025-02-17 18:00,53.29501401134324
2025-02-17 19:00,53.6949811783673
2025-02-17 20:00,50.328633686005986
2025-02-17 21:00,49.934790218044625
2025-02-17 22:00,44.1863438775554
2025-02-17 23:00,44.66129635741477
2025-02-18 00:00,45.224492796016975
2025-02-18 01:00,39.09617470099286
2025-02-18 02:00,44.054000613616346
2025-02-18 03:00,47.073780067582575
2025-02-18 04:00,39.44889190566355
2025-02-18 05:00,47.275610815183626
2025-02-18 06:00,43.898283509983756
2025-02-18 07:00,43.92980298049153
2025-02-18 08:00,41.0201846490272
2025-02-18 09:00,54.4984124821983
2025-02-18 10:00,52.12195570721848
2025-02-18 11:00,49.65542739829285
2025-02-18 12:00,49.416694073423756
2025-02-18 13:00,48.85204656402697
2025-02-18 14:00,47.87957503116189
2025-02-18 15:00,50.18061841137778
2025-02-18 16:00,49.447518280469005
2025-02-18 17:00,49.8954229598404
2025-02-18 18:00,50.042229335835245
2025-02-18 19:00,52.99165559306433
2025-02-18 20:00,53.150344126494915
2025-02-18 21:00,50.932515217895364
2025-02-18 22:00,50.32452559109817
2025-02-18 23:00,53.8025998065296
2025-02-19 00:00,39.44041171343039
2025-02-19 01:00,37.7489797037281
2025-02-19 02:00,34.566658906804186
2025-02-19 03:00,29.866179838203323
2025-02-19 04:00,33.93458658588749
2025-02-19 05:00,33.177357029596074
2025-02-19 06:00,44.640970374641995
2025-02-19 07:00,46.57829860274569
2025-02-19 08:00,41.26302237631632
2025-02-19 09:00,54.31540516129783
2025-02-19 10:00,53.78302013175072
2025-02-19 11:00,51.17022483362408
2025-02-19 12:00,50.4689165297584
2025-02-19 13:00,50.087896214489675
2025-02-19 14:00,49.49273541850908
2025-02-19 15:00,49.89757798390792
2025-02-19 16:00,49.35152317300113
2025-02-19 17:00,50.122183480351225
2025-02-19 18:00,50.640604475162206
2025-02-19 19:00,52.753458631331036
2025-02-19 20:00,35.978115537655654
2025-02-19 21:00,35.80238580614779
2025-02-19 22:00,33.354524390846635
2025-02-19 23:00,32.60231897008711
2025-02-20 00:00,11.352558698593892
2025-02-20 01:00,16.813117105394056
2025-02-20 02:00,16.825735145617756
2025-02-20 03:00,17.066143203344495
2025-02-20 04:00,14.41404051134173
2025-02-20 05:00,15.599415403208944
2025-02-20 06:00,13.49430937762822
2025-02-20 07:00,10.306238956343776
2025-02-20 08:00,14.625876729047981
2025-02-20 09:00,21.332664708497447
2025-02-20 10:00,20.968511480208072
2025-02-20 11:00,32.559551184857604
2025-02-20 12:00,38.31825586442727
2025-02-20 13:00,47.36699071216181
2025-02-20 14:00,48.81565984596979
2025-02-20 15:00,49.500263836307724
2025-02-20 16:00,50.43001760344409
2025-02-20 17:00,49.9663013397382
2025-02-20 18:00,50.205282682347445
2025-02-20 19:00,45.8645137747322
2025-02-20 20:00,52.2200136838503
2025-02-20 21:00,46.59668514736646
2025-02-20 22:00,45.201428806816864
2025-02-20 23:00,50.332367995969506
2025-02-21 00:00,32.82708470651195
2025-02-21 01:00,34.265175551057524
2025-02-21 02:00,34.80259604443975
2025-02-21 03:00,21.624054356309045
2025-02-21 04:00,19.92999029164885
2025-02-21 05:00,19.495960761524465
2025-02-21 06:00,13.632765307133287
2025-02-21 07:00,15.748552849254887
2025-02-21 08:00,14.936008924337271
2025-02-21 09:00,25.886945174078583
2025-02-21 10:00,29.484048990510452
2025-02-21 11:00,32.47358010070114
2025-02-21 12:00,31.63671497917675
2025-02-21 13:00,33.17823584471321
2025-02-21 14:00,40.54516919213205
2025-02-21 15:00,47.70464439296465
2025-02-21 16:00,48.493097714814866
2025-02-21 17:00,47.779995523198465
2025-02-21 18:00,48.264315982086366
2025-02-21 19:00,40.21615582753513
2025-02-21 20:00,29.69910039931039
2025-02-21 21:00,31.281481553074432
2025-02-21 22:00,26.813728308259257
2025-02-21 23:00,22.685958114875493
2025-02-22 00:00,25.394265914966596
2025-02-22 01:00,25.774241385189846
2025-02-22 02:00,25.335370662694075
2025-02-22 03:00,47.65995556019219
2025-02-22 04:00,53.45375593279286
2025-02-22 05:00,50.229207164618465
2025-02-22 06:00,51.60479418007883
2025-02-22 07:00,42.262782075688975
2025-02-22 08:00,33.68547439790005
2025-02-22 09:00,32.62141001354958
2025-02-22 10:00,26.2524634045781
2025-02-22 11:00,23.228109832956157
2025-02-22 12:00,30.410069124240948
2025-02-22 13:00,33.47604194255494
2025-02-22 14:00,42.86232795118308
2025-02-22 15:00,45.370077168367374
2025-02-22 16:00,41.28806414152828
2025-02-22 17:00,44.923526974630285
2025-02-22 18:00,47.85993197827237
2025-02-22 19:00,33.53475702841473
2025-02-22 20:00,36.37582976145444
2025-02-22 21:00,35.36552121591248
2025-02-22 22:00,36.33132848675457
2025-02-22 23:00,38.019431376791886
2025-02-23 00:00,29.5088572765517
2025-02-23 01:00,26.268978175082086
2025-02-23 02:00,25.49116694461125
2025-02-23 03:00,23.69890922577325
2025-02-23 04:00,17.55661380251353
2025-02-23 05:00,15.82371370865308
2025-02-23 06:00,21.19029434466708
2025-02-23 07:00,19.06406479131042
2025-02-23 08:00,38.84964537513069
2025-02-23 09:00,46.1149096913053
2025-02-23 10:00,48.462762191774715
2025-02-23 11:00,49.50739416016529
2025-02-23 12:00,51.69138558865616
2025-02-23 13:00,53.53040988187108
2025-02-23 14:00,53.96876638325079
2025-02-23 15:00,54.249940816515576
2025-02-23 16:00,54.885682594363175
2025-02-23 17:00,55.42884212959392
2025-02-23 18:00,53.85307691095345
2025-02-23 19:00,54.692814877281016
2025-02-23 20:00,52.923476351502785
2025-02-23 21:00,52.684120949055725
2025-02-23 22:00,54.32603205367313
2025-02-23 23:00,50.12889180090364
2025-02-24 00:00,48.17552356134716
2025-02-24 01:00,45.29440912696401
2025-02-24 02:00,32.746374617883575
2025-02-24 03:00,28.226298203191828
2025-02-24 04:00,26.151199830088245
2025-02-24 05:00,10.581037396200923
2025-02-24 06:00,9.265832431176353
2025-02-24 07:00,9.234592322628899
2025-02-24 08:00,12.445442708341528
2025-02-24 09:00,14.33345439598406
2025-02-24 10:00,19.91069025822289
2025-02-24 11:00,27.955533976802432
2025-02-24 12:00,26.33261002291391
2025-02-24 13:00,28.915280075387905
2025-02-24 14:00,28.265503477335017
2025-02-24 15:00,28.015983426006905
2025-02-24 16:00,30.624600807377718
2025-02-24 17:00,21.64569983912589
2025-02-24 18:00,20.71945413530357
2025-02-24 19:00,23.98893027453488
2025-02-24 20:00,17.1767916621453
2025-02-24 21:00,16.533154681021895
2025-02-24 22:00,3.590493667800366
2025-02-24 23:00,1.92386096321246
2025-02-25 00:00,5.355699418013785
2025-02-25 01:00,3.9933232677916144
2025-02-25 02:00,4.043499686669733
2025-02-25 03:00,2.8852352855824797
2025-02-25 04:00,4.658457087176334
2025-02-25 05:00,3.7984254204675154
2025-02-25 06:00,3.8419016488932036
2025-02-25 07:00,5.4092167608989135
2025-02-25 08:00,4.974953389575491
2025-02-25 09:00,3.1719740440625226
2025-02-25 10:00,3.5583783540165745
2025-02-25 11:00,2.391958949052968
2025-02-25 12:00,2.902279949806153
2025-02-25 13:00,2.156651061570613
2025-02-25 14:00,5.932148477577314
2025-02-25 15:00,7.659217213788589
2025-02-25 16:00,8.709137482022385
2025-02-25 17:00,22.961719134372885
2025-02-25 18:00,24.885700687075857
2025-02-25 19:00,28.513848210337038
2025-02-25 20:00,24.733793352189387
2025-02-25 21:00,20.594032410227534
2025-02-25 22:00,25.7562549471293
2025-02-25 23:00,22.212657627918034
2025-02-26 00:00,10.279610400301692
2025-02-26 01:00,9.387233080164691
2025-02-26 02:00,11.229452412789238
2025-02-26 03:00,8.584068626768486
2025-02-26 04:00,8.32400296707688
2025-02-26 05:00,16.179655404618487
2025-02-26 06:00,17.18179485719609
2025-02-26 07:00,20.808371761926367
2025-02-26 08:00,17.753432959049842
2025-02-26 09:00,17.454539492621826
2025-02-26 10:00,15.496115713742547
2025-02-26 11:00,13.262202216017146
2025-02-26 12:00,15.75491501956183
2025-02-26 13:00,19.837725066651817
2025-02-26 14:00,18.70201738717392
2025-02-26 15:00,13.214183746295454
2025-02-26 16:00,11.442543908985531
2025-02-26 17:00,8.318058095059303
2025-02-26 18:00,10.499356247519884
2025-02-26 19:00,10.583892761145353
2025-02-26 20:00,6.818672615788124
2025-02-26 21:00,2.2061637390114193
2025-02-26 22:00,1.4770490384163786
2025-02-26 23:00,2.5241928958502364
2025-02-27 00:00,3.2682272860998642
2025-02-27 01:00,2.4391197224695116
2025-02-27 02:00,2.0322857151865192
2025-02-27 03:00,2.218588643425022
2025-02-27 04:00,2.520197567720825
2025-02-27 05:00,2.484817547356919
2025-02-27 06:00,3.89652943414115
2025-02-27 07:00,2.523531404845642
2025-02-27 08:00,3.281909873057127
2025-02-27 09:00,5.827821664316082
2025-02-27 10:00,2.0933121781742923
2025-02-27 11:00,1.5675591955239767
2025-02-27 12:00,1.5373080709103895
2025-02-27 13:00,3.6130370287311413
2025-02-27 14:00,4.47640231413245
2025-02-27 15:00,4.378832417767313
2025-02-27 16:00,2.8536151117486024
2025-02-27 17:00,1.5879228897669924
2025-02-27 18:00,3.2377695157338757
2025-02-27 19:00,5.18279739055034
2025-02-27 20:00,1.7327046281488183
2025-02-27 21:00,2.366066958181038
2025-02-27 22:00,1.8406571672287662
2025-02-27 23:00,0.9771570462411753
2025-02-28 00:00,5.291867839833225
2025-02-28 01:00,4.64266320660891
2025-02-28 02:00,2.300405061685039
2025-02-28 03:00,1.7612830895175962
2025-02-28 04:00,2.2793611831424054
2025-02-28 05:00,1.7871692996898854
2025-02-28 06:00,2.704678440603544
2025-02-28 07:00,2.6427218542510706
2025-02-28 08:00,1.2865619093593033
2025-02-28 09:00,0.5975108979500696
2025-02-28 10:00,1.3559245939902795
2025-02-28 11:00,1.984148709326396
2025-02-28 12:00,1.2836965433625822
2025-02-28 13:00,2.0044310584161305
2025-02-28 14:00,2.2267416888987044
2025-02-28 15:00,1.5583062665631755
2025-02-28 16:00,1.9722125599077658
2025-02-28 17:00,3.921236850341357
2025-02-28 18:00,2.07881945055441
2025-02-28 19:00,3.634808418400769
2025-02-28 20:00,2.237668656732253
2025-02-28 21:00,0.6187654479184277
2025-02-28 22:00,3.4852750390690015
2025-02-28 23:00,2.334453329711886
2025-03-01 00:00,1.524498879948338
2025-03-01 01:00,1.2723519798912206
2025-03-01 02:00,4.140596566637852
2025-03-01 03:00,1.6715873998013708
2025-03-01 04:00,0.959468056972279
2025-03-01 05:00,0.292142570907766
2025-03-01 06:00,0.1828625601229007
2025-03-01 07:00,0.03353015824907302
2025-03-01 08:00,0.19426560701052747
2025-03-01 09:00,0.13282698242930424
2025-03-01 10:00,0.06702247339027079
2025-03-01 11:00,1.1516360417475533
2025-03-01 12:00,1.3907610541131725
2025-03-01 13:00,1.6090603142973654
2025-03-01 14:00,2.382113415148815
2025-03-01 15:00,5.088968885244452
2025-03-01 16:00,4.425802737509229
2025-03-01 17:00,3.9957937990612655
2025-03-01 18:00,6.2418347611683025
2025-03-01 19:00,6.162775516411026
2025-03-01 20:00,10.6311838108568
2025-03-01 21:00,9.540451669483023
2025-03-01 22:00,14.054109973150606
2025-03-01 23:00,20.003251902000702
2025-03-02 00:00,1.7466680240465826
2025-03-02 01:00,3.391723761665038
2025-03-02 02:00,2.1460342682867086
2025-03-02 03:00,2.1996777388733557
2025-03-02 04:00,2.607490889755487
2025-03-02 05:00,1.9897927069340526
2025-03-02 06:00,2.226609856966322
2025-03-02 07:00,1.915961843755449
2025-03-02 08:00,3.4831426597892676
2025-03-02 09:00,1.0485592878988088
2025-03-02 10:00,0.3996311411932303
2025-03-02 11:00,0.032904773358786554
2025-03-02 12:00,0.4862271495233772
2025-03-02 13:00,0.6152658922388456
2025-03-02 14:00,0.6743350790422694
2025-03-02 15:00,4.858329724221531
2025-03-02 16:00,9.707330619383551
2025-03-02 17:00,13.311933770325954
2025-03-02 18:00,27.597090286343462
2025-03-02 19:00,36.8791047760111
2025-03-02 20:00,41.40793310071409
2025-03-02 21:00,39.462006064728364
2025-03-02 22:00,43.235331907840816
2025-03-02 23:00,45.37455993752945
2025-03-03 00:00,46.667564976340785
2025-03-03 01:00,46.744873644756915
2025-03-03 02:00,51.884273643413344
2025-03-03 03:00,51.34090891358154
2025-03-03 04:00,50.69921486917648
2025-03-03 05:00,49.844176269572
2025-03-03 06:00,49.04548230186384
2025-03-03 07:00,47.90759581795679
2025-03-03 08:00,36.58780964231472
2025-03-03 09:00,36.961529796254666
2025-03-03 10:00,28.81013599496751
2025-03-03 11:00,23.92461298577901
2025-03-03 12:00,19.94975929586351
2025-03-03 13:00,20.251229088726802
2025-03-03 14:00,18.107514238555453
2025-03-03 15:00,12.878605286908996
2025-03-03 16:00,15.54618316949215
2025-03-03 17:00,16.848145285108522
2025-03-03 18:00,20.069251271093336
2025-03-03 19:00,26.83846064208636
2025-03-03 20:00,28.95020433364616
2025-03-03 21:00,24.98305081020871
2025-03-03 22:00,30.80673346909782
2025-03-03 23:00,30.023805796159845
2025-03-04 00:00,18.90713424443032
2025-03-04 01:00,19.13261575606971
2025-03-04 02:00,22.904591907870326
2025-03-04 03:00,26.145191107944036
2025-03-04 04:00,26.319551395668974
2025-03-04 05:00,24.180726171895166
2025-03-04 06:00,26.1295926381396
2025-03-04 07:00,25.864093463594536
2025-03-04 08:00,24.49680535712487
2025-03-04 09:00,23.958256062049614
2025-03-04 10:00,26.261246229959767
2025-03-04 11:00,24.210593344238518
2025-03-04 12:00,25.546315296846053
2025-03-04 13:00,32.48171187510266
2025-03-04 14:00,31.60566807718508
2025-03-04 15:00,29.666763639295105
2025-03-04 16:00,29.215546651763106
2025-03-04 17:00,27.64385110074527
2025-03-04 18:00,32.32252154177095
2025-03-04 19:00,25.43855044249083
2025-03-04 20:00,25.734376742359352
2025-03-04 21:00,28.17424150870528
2025-03-04 22:00,26.840308972131197
2025-03-04 23:00,25.054371753392644
2025-03-05 00:00,14.204015638301348
2025-03-05 01:00,13.734281203575609
2025-03-05 02:00,12.24030614371107
2025-03-05 03:00,13.868496680801368
2025-03-05 04:00,7.607289464786049
2025-03-05 05:00,9.95184341684479
2025-03-05 06:00,5.8201955579149445
2025-03-05 07:00,3.7871101732656873
2025-03-05 08:00,4.965982621975697
2025-03-05 09:00,4.9506273517366655
2025-03-05 10:00,4.077598287081829
2025-03-05 11:00,6.4400112520534805
2025-03-05 12:00,7.406206901122655
2025-03-05 13:00,8.937010901073126
2025-03-05 14:00,12.99958017115483
2025-03-05 15:00,13.617744530441634
2025-03-05 16:00,22.001306346769578
2025-03-05 17:00,18.932098299948933
2025-03-05 18:00,16.279566272992128
2025-03-05 19:00,28.606008599729243
2025-03-05 20:00,17.006414888785244
2025-03-05 21:00,15.422719571301254
2025-03-05 22:00,12.401736418893174
2025-03-05 23:00,15.536890874093388
2025-03-06 00:00,25.653567858364372
2025-03-06 01:00,24.736718457167054
2025-03-06 02:00,18.891841796459982
2025-03-06 03:00,15.232431006936116
2025-03-06 04:00,15.422490875369766
2025-03-06 05:00,10.24521576879388
2025-03-06 06:00,12.731124936159286
2025-03-06 07:00,13.907648592914896
2025-03-06 08:00,7.4222526584720345
2025-03-06 09:00,10.016779887351003
2025-03-06 10:00,13.671917861060594
2025-03-06 11:00,16.350974033617284
2025-03-06 12:00,25.09165261367505
2025-03-06 13:00,30.112017244155048
2025-03-06 14:00,35.78369244562066
2025-03-06 15:00,39.01870016120405
2025-03-06 16:00,33.12234418917673
2025-03-06 17:00,30.00635097845406
2025-03-06 18:00,27.306044433729106
2025-03-06 19:00,18.375925796545456
2025-03-06 20:00,12.477344387354982
2025-03-06 21:00,15.619855746235867
2025-03-06 22:00,13.918822558890486
2025-03-06 23:00,12.708897870424465
2025-03-07 00:00,8.117730833140026
2025-03-07 01:00,7.090135932333665
2025-03-07 02:00,6.355307991493688
2025-03-07 03:00,4.478025126295492
2025-03-07 04:00,6.160818748957404
2025-03-07 05:00,3.761623377012127
2025-03-07 06:00,1.9951471213267986
2025-03-07 07:00,0.19422841998396426
2025-03-07 08:00,1.16059016279796
2025-03-07 09:00,1.8022544072394147
2025-03-07 10:00,0.38398035543619824
2025-03-07 11:00,0.23355388859808285
2025-03-07 12:00,1.095324426170218
2025-03-07 13:00,2.1072161828088825
2025-03-07 14:00,2.6749297093712467
2025-03-07 15:00,6.741594620136767
2025-03-07 16:00,10.970215743223989
2025-03-07 17:00,8.739915408237481
2025-03-07 18:00,12.446712919432706
2025-03-07 19:00,16.801333240313156
2025-03-07 20:00,6.0935404807832905
2025-03-07 21:00,2.9389650771827056
2025-03-07 22:00,3.1076162862257637
2025-03-07 23:00,2.169138153353481
2025-03-08 00:00,1.985665049565291
2025-03-08 01:00,2.405872382707417
2025-03-08 02:00,3.4165153068638947
2025-03-08 03:00,5.99626774746954
2025-03-08 04:00,4.761352018410065
2025-03-08 05:00,6.739975738278274
2025-03-08 06:00,7.364345774979328
2025-03-08 07:00,4.14644375264908
2025-03-08 08:00,3.706560681387956
2025-03-08 09:00,1.5451030628842495
2025-03-08 10:00,0.9198123214748177
2025-03-08 11:00,0.9316154179994123
2025-03-08 12:00,0.9953027495830518
2025-03-08 13:00,2.3385633432811144
2025-03-08 14:00,1.5199760936627156
2025-03-08 15:00,3.570760030276852
2025-03-08 16:00,8.299401933409138
2025-03-08 17:00,4.243639977091398
2025-03-08 18:00,4.367719851850044
2025-03-08 19:00,7.678044926946451
2025-03-08 20:00,4.400193446976905
2025-03-08 21:00,7.085910848793384
2025-03-08 22:00,7.0977374714884025
2025-03-08 23:00,1.7195052535135598
2025-03-09 00:00,2.447378852290591
2025-03-09 01:00,2.113088611403219
2025-03-09 02:00,1.9829886771045055
2025-03-09 03:00,2.1521377829971233
2025-03-09 04:00,1.6013374125516324
2025-03-09 05:00,1.1446701362052165
2025-03-09 06:00,3.502176805982611
2025-03-09 07:00,1.2063905489944973
2025-03-09 08:00,2.1338609976436542
2025-03-09 09:00,1.150846347195314
2025-03-09 10:00,0.27364629500701976
2025-03-09 11:00,2.2691654737935236
2025-03-09 12:00,2.8373044226664916
2025-03-09 13:00,1.1285064954296897
2025-03-09 14:00,3.035385604791301
2025-03-09 15:00,4.2237839094092795
2025-03-09 16:00,5.686562472557746
2025-03-09 17:00,6.9893493813026595
2025-03-09 18:00,4.554238743008229
2025-03-09 19:00,10.917335194465547
2025-03-09 20:00,6.937127886653765
2025-03-09 21:00,3.481534025690015
2025-03-09 22:00,3.8651938085436464
2025-03-09 23:00,1.9698977984698511
2025-03-10 00:00,0.09754280018383618
2025-03-10 01:00,0.5979900411663908
2025-03-10 02:00,0.4396186879899434
2025-03-10 03:00,0.37576719882613774
2025-03-10 04:00,1.2371848876902658
2025-03-10 05:00,1.2270275812620985
2025-03-10 06:00,1.2315269147134953
2025-03-10 07:00,1.219719131341076
2025-03-10 08:00,1.0981791921940804
2025-03-10 09:00,0.7868749554963408
2025-03-10 10:00,1.3662264265279274
2025-03-10 11:00,1.209830965595179
2025-03-10 12:00,1.3080892962662813
2025-03-10 13:00,2.2289192209031867
2025-03-10 14:00,1.3008313729144603
2025-03-10 15:00,3.4667400735632588
2025-03-10 16:00,2.0546449574325027
2025-03-10 17:00,1.5371130365784444
2025-03-10 18:00,6.590332236389244
2025-03-10 19:00,2.4135263750358478
2025-03-10 20:00,1.9629784754762893
2025-03-10 21:00,1.145445371799188
2025-03-10 22:00,0.9785634409923502
2025-03-10 23:00,0.7484020981935104
2025-03-11 00:00,0.7976054659131461
2025-03-11 01:00,2.147552400524364
2025-03-11 02:00,1.2262893275891336
2025-03-11 03:00,0.5709216069455283
2025-03-11 04:00,0.5589889759433069
2025-03-11 05:00,0.5907829499481148
2025-03-11 06:00,0.877357038385175
2025-03-11 07:00,0.6590934751978714
2025-03-11 08:00,0.23359682437074786
2025-03-11 09:00,0.9669538956328274
2025-03-11 10:00,1.1183691315531739
2025-03-11 11:00,0.3546424282021071
2025-03-11 12:00,0.7807736758926322
2025-03-11 13:00,0.3550804595530195
2025-03-11 14:00,0.48853178734629976
2025-03-11 15:00,1.4059802802184485
2025-03-11 16:00,1.8129164229018901
2025-03-11 17:00,2.5146422221470406
2025-03-11 18:00,7.611185450142017
2025-03-11 19:00,3.4433951621562953
2025-03-11 20:00,2.4513468062136656
2025-03-11 21:00,5.851186636160309
2025-03-11 22:00,4.3985926279704355
2025-03-11 23:00,1.7854993296806116
2025-03-12 00:00,2.339785646430557
2025-03-12 01:00,2.651416389586
2025-03-12 02:00,3.2403068050219863
2025-03-12 03:00,3.3263268841707485
2025-03-12 04:00,5.639319658380916
2025-03-12 05:00,4.705782118342215
2025-03-12 06:00,1.5432870962613265
2025-03-12 07:00,0.7915233683378974
2025-03-12 08:00,0.9408563258701512
2025-03-12 09:00,2.104995893899427
2025-03-12 10:00,2.437575659851009
2025-03-12 11:00,1.3502987139317388
2025-03-12 12:00,1.7460574273408316
2025-03-12 13:00,2.1697186806383564
2025-03-12 14:00,2.13629908552333
2025-03-12 15:00,2.669781224840759
2025-03-12 16:00,4.376677176939989
2025-03-12 17:00,4.630811300932736
2025-03-12 18:00,3.590119464222539
2025-03-12 19:00,11.80413381298201
2025-03-12 20:00,16.569910456461415
2025-03-12 21:00,7.212832606995657
2025-03-12 22:00,5.20937183525625
2025-03-12 23:00,10.568409396242034
2025-03-13 00:00,11.401453865736078
2025-03-13 01:00,10.048737053346475
2025-03-13 02:00,8.639370294566646
2025-03-13 03:00,7.960490077915939
2025-03-13 04:00,5.54888514318689
2025-03-13 05:00,5.578504301915643
2025-03-13 06:00,6.307404264859087
2025-03-13 07:00,6.781368714828673
2025-03-13 08:00,9.818863473544702
2025-03-13 09:00,12.359869052024457
2025-03-13 10:00,18.287334215473656
2025-03-13 11:00,28.786508126432313
2025-03-13 12:00,25.75683973055504
2025-03-13 13:00,33.86408310681067
2025-03-13 14:00,37.82629283172662
2025-03-13 15:00,37.577543286691494
2025-03-13 16:00,34.45390457773344
2025-03-13 17:00,33.69591446908817
2025-03-13 18:00,22.416166320613204
2025-03-13 19:00,19.96073871677188
2025-03-13 20:00,10.891263253715962
2025-03-13 21:00,12.907635335344562
2025-03-13 22:00,11.245962620608251
2025-03-13 23:00,9.357787317976367
2025-03-14 00:00,11.171323870132753
2025-03-14 01:00,10.05227526981749
2025-03-14 02:00,8.4675502603397
2025-03-14 03:00,12.899862876878966
2025-03-14 04:00,10.469929643395222
2025-03-14 05:00,6.83682757896846
2025-03-14 06:00,6.9273964066775555
2025-03-14 07:00,6.283382631270378
2025-03-14 08:00,7.655956810435933
2025-03-14 09:00,9.994281578293595
2025-03-14 10:00,6.027200566728915
2025-03-14 11:00,3.8595129213214334
2025-03-14 12:00,7.226331291363376
2025-03-14 13:00,7.551478165416003
2025-03-14 14:00,8.494929514282926
2025-03-14 15:00,12.41405823665237
2025-03-14 16:00,13.937136380453989
2025-03-14 17:00,14.753203175954479
2025-03-14 18:00,6.565001137438935
2025-03-14 19:00,5.924009599394877
2025-03-14 20:00,7.030308017718349
2025-03-14 21:00,4.820204002374492
2025-03-14 22:00,4.411767972008337
2025-03-14 23:00,4.866823565145594
2025-03-15 00:00,11.458240721764948
2025-03-15 01:00,9.549165211860158
2025-03-15 02:00,9.309826477839218
2025-03-15 03:00,8.660993513950732
2025-03-15 04:00,8.777317457597626
2025-03-15 05:00,16.066820232202495
2025-03-15 06:00,17.998513897283495
2025-03-15 07:00,15.23246036743131
2025-03-15 08:00,20.697077195191138
2025-03-15 09:00,30.00016799151105
2025-03-15 10:00,15.014354371945291
2025-03-15 11:00,1.527069932915583
2025-03-15 12:00,0.9840487903285707
2025-03-15 13:00,1.0184620987250672
2025-03-15 14:00,1.4668761997462951
2025-03-15 15:00,5.258308871487425
2025-03-15 16:00,5.046377195209134
2025-03-15 17:00,5.095618023162887
2025-03-15 18:00,9.935600479265142
2025-03-15 19:00,7.516676069352549
2025-03-15 20:00,7.591409721824189
2025-03-15 21:00,10.03490074987333
2025-03-15 22:00,5.516810136590806
2025-03-15 23:00,7.657301422244446
2025-03-16 00:00,7.779728626982898
2025-03-16 01:00,9.759106450975779
2025-03-16 02:00,9.815635912663549
2025-03-16 03:00,7.571351046444994
2025-03-16 04:00,6.447362499743278
2025-03-16 05:00,3.1044123046080037
2025-03-16 06:00,4.8001013554580325
2025-03-16 07:00,5.780910239482267
2025-03-16 08:00,13.087392346518016
2025-03-16 09:00,12.6643602447133
2025-03-16 10:00,16.424402469240455
2025-03-16 11:00,40.3834794004899
2025-03-16 12:00,45.265981351358434
2025-03-16 13:00,49.155035677166794
2025-03-16 14:00,54.07509181488564
2025-03-16 15:00,57.52291200927591
2025-03-16 16:00,58.47192613568599
2025-03-16 17:00,56.303436214140774
2025-03-16 18:00,58.42192207586875
2025-03-16 19:00,58.71413483270179
2025-03-16 20:00,60.90020275152573
2025-03-16 21:00,61.22011317323543
2025-03-16 22:00,57.941706018565
2025-03-16 23:00,55.7277338598071
2025-03-17 00:00,56.39473319085627
2025-03-17 01:00,56.24298585372991
2025-03-17 02:00,56.17805639735031
2025-03-17 03:00,55.31140101965302
2025-03-17 04:00,54.548214270471874
2025-03-17 05:00,56.136595386352376
2025-03-17 06:00,56.67218256655532
2025-03-17 07:00,55.99697145436298
2025-03-17 08:00,52.8600753799742
2025-03-17 09:00,47.72224377295292
2025-03-17 10:00,42.16117564713263
2025-03-17 11:00,28.954239194202753
2025-03-17 12:00,30.819815876645528
2025-03-17 13:00,27.063552696287836
2025-03-17 14:00,20.353996987690053
2025-03-17 15:00,11.048747974262199
2025-03-17 16:00,10.708409147621158
2025-03-17 17:00,9.236587997942902
2025-03-17 18:00,11.756066887191862
2025-03-17 19:00,13.002633948864922
2025-03-17 20:00,15.954799227439295
2025-03-17 21:00,7.351651835054351
2025-03-17 22:00,13.783632820602783
2025-03-17 23:00,38.618372902779385
2025-03-18 00:00,37.90932660363373
2025-03-18 01:00,44.14700199395909
2025-03-18 02:00,30.391661611266006
2025-03-18 03:00,24.6177827957801
2025-03-18 04:00,44.52790596747593
2025-03-18 05:00,46.63885922486374
2025-03-18 06:00,38.63678895544988
2025-03-18 07:00,44.343282719736806
2025-03-18 08:00,54.997168268156884
2025-03-18 09:00,59.089036139518754
2025-03-18 10:00,60.03577846571146
2025-03-18 11:00,58.563931583883104
2025-03-18 12:00,55.76819619711303
2025-03-18 13:00,62.18140966889777
2025-03-18 14:00,59.77009839311246
2025-03-18 15:00,61.91008021094767
2025-03-18 16:00,59.13653089025429
2025-03-18 17:00,56.31061555916324
2025-03-18 18:00,61.31388368269073
2025-03-18 19:00,56.195782469779886
2025-03-18 20:00,56.42753886105433
2025-03-18 21:00,55.59122922047399
2025-03-18 22:00,50.321201832780616
2025-03-18 23:00,40.67434670508649
2025-03-19 00:00,28.74001783813153
2025-03-19 01:00,33.27148806771585
2025-03-19 02:00,25.75528548328811
2025-03-19 03:00,17.21619559636447
2025-03-19 04:00,18.682929541703306
2025-03-19 05:00,5.593239736190583
2025-03-19 06:00,5.9914786176590855
2025-03-19 07:00,10.066766679354217
2025-03-19 08:00,6.718902285032908
2025-03-19 09:00,17.96714406219448
2025-03-19 10:00,16.05233745817759
2025-03-19 11:00,11.523302061664474
2025-03-19 12:00,17.275010109553712
2025-03-19 13:00,14.51304271790217
2025-03-19 14:00,17.52388941277146
2025-03-19 15:00,17.57987708836697
2025-03-19 16:00,14.938796560954499
2025-03-19 17:00,7.803687139124422
2025-03-19 18:00,10.569305424318976
2025-03-19 19:00,12.507598919780039
2025-03-19 20:00,8.756399605283505
2025-03-19 21:00,3.4893696805177683
2025-03-19 22:00,6.028561199409401
2025-03-19 23:00,7.157219696884786
2025-03-20 00:00,11.94883355851433
2025-03-20 01:00,12.66555966248772
2025-03-20 02:00,13.66836715943333
2025-03-20 03:00,16.32934088513214
2025-03-20 04:00,23.349541922651717
2025-03-20 05:00,19.36953072343104
2025-03-20 06:00,20.98829974115926
2025-03-20 07:00,36.30474485359045
2025-03-20 08:00,43.619572268597864
2025-03-20 09:00,49.35146599731873
2025-03-20 10:00,38.88999536070816
2025-03-20 11:00,37.78317620536323
2025-03-20 12:00,33.22008109167049
2025-03-20 13:00,41.71333676605181
2025-03-20 14:00,33.43518521469626
2025-03-20 15:00,39.76391176966034
2025-03-20 16:00,42.45576620866182
2025-03-20 17:00,41.649144198784384
2025-03-20 18:00,39.82293180081405
2025-03-20 19:00,46.11106180732838
2025-03-20 20:00,45.36958982542795
2025-03-20 21:00,43.41043239280783
2025-03-20 22:00,42.28617629504131
2025-03-20 23:00,43.67679755279617
2025-03-21 00:00,37.95081496728768
2025-03-21 01:00,36.79345912112161
2025-03-21 02:00,38.490382165280536
2025-03-21 03:00,38.12507469330013
2025-03-21 04:00,40.232374713107085
2025-03-21 05:00,38.20637367813046
2025-03-21 06:00,48.720134154664784
2025-03-21 07:00,48.60792616402656
2025-03-21 08:00,43.53627929033151
2025-03-21 09:00,43.04919368874793
2025-03-21 10:00,40.51903589155197
2025-03-21 11:00,36.30594474046393
2025-03-21 12:00,33.50238004806349
2025-03-21 13:00,30.01736777711242
2025-03-21 14:00,28.74294312138929
2025-03-21 15:00,21.42720829149558
2025-03-21 16:00,16.98280024228235
2025-03-21 17:00,13.79263217354045
2025-03-21 18:00,11.786629230339097
2025-03-21 19:00,7.8107689021353295
2025-03-21 20:00,5.492293164321138
2025-03-21 21:00,2.6106411210926437
2025-03-21 22:00,2.115193637175776
2025-03-21 23:00,4.494397422213395
2025-03-22 00:00,33.55647119703548
2025-03-22 01:00,34.5714164081826
2025-03-22 02:00,36.624096623166196
2025-03-22 03:00,37.558500756712135
2025-03-22 04:00,41.61797996488035
2025-03-22 05:00,44.28975194214332
2025-03-22 06:00,43.81688739318536
2025-03-22 07:00,44.231652591143934
2025-03-22 08:00,43.03039025651424
2025-03-22 09:00,41.81975626749052
2025-03-22 10:00,37.14148784295413
2025-03-22 11:00,34.85712589434915
2025-03-22 12:00,31.400271447693047
2025-03-22 13:00,26.102100406791983
2025-03-22 14:00,30.37413302107764
2025-03-22 15:00,28.35112124017366
2025-03-22 16:00,29.20053324445223
2025-03-22 17:00,32.850903219723655
2025-03-22 18:00,26.990651414486535
2025-03-22 19:00,27.951287475252478
2025-03-22 20:00,23.766413475119272
2025-03-22 21:00,15.899943484173736
2025-03-22 22:00,9.403168838264875
2025-03-22 23:00,6.853592385382558
2025-03-23 00:00,30.014995941103052
2025-03-23 01:00,32.800144545151596
2025-03-23 02:00,28.253915563274525
2025-03-23 03:00,25.114991907896474
2025-03-23 04:00,21.56088524002886
2025-03-23 05:00,21.933397764485235
2025-03-23 06:00,19.403491937017648
2025-03-23 07:00,12.499828454445291
2025-03-23 08:00,28.472561762956733
2025-03-23 09:00,24.58340150696411
2025-03-23 10:00,20.63258014193051
2025-03-23 11:00,25.1343823668225
2025-03-23 12:00,28.926710381884046
2025-03-23 13:00,33.475030898586354
2025-03-23 14:00,34.76248610271737
2025-03-23 15:00,37.766818707984164
2025-03-23 16:00,40.06531116629169
2025-03-23 17:00,35.853012670019574
2025-03-23 18:00,41.06834626581103
2025-03-23 19:00,31.948585100485346
2025-03-23 20:00,24.05685900793729
2025-03-23 21:00,16.022091553313544
2025-03-23 22:00,17.80906245322595
2025-03-23 23:00,17.855265640938534
2025-03-24 00:00,23.301091331000443
2025-03-24 01:00,37.04680792673551
2025-03-24 02:00,47.418505575776535
2025-03-24 03:00,49.02820704012913
2025-03-24 04:00,47.16701068594634
2025-03-24 05:00,48.03080416944711
2025-03-24 06:00,51.09038897857819
2025-03-24 07:00,51.73777453867528
2025-03-24 08:00,52.453386779844216
2025-03-24 09:00,52.75215519237845
2025-03-24 10:00,53.67732734116778
2025-03-24 11:00,53.759567598716664
2025-03-24 12:00,53.88213873540517
2025-03-24 13:00,53.652749115629895
2025-03-24 14:00,54.037808539876366
2025-03-24 15:00,53.2561103605381
2025-03-24 16:00,50.555137049458466
2025-03-24 17:00,46.95465195439817
2025-03-24 18:00,48.82064308812888
2025-03-24 19:00,46.94084289601737
2025-03-24 20:00,45.971667969094256
2025-03-24 21:00,46.96913644797006
2025-03-24 22:00,41.990228470374475
2025-03-24 23:00,42.819122552430585
2025-03-25 00:00,22.91033999974811
2025-03-25 01:00,12.921346849464456
2025-03-25 02:00,5.673781315735182
2025-03-25 03:00,9.798648973451598
2025-03-25 04:00,10.954747795413478
2025-03-25 05:00,6.394965457262475
2025-03-25 06:00,11.6624122406429
2025-03-25 07:00,18.9352801081657
2025-03-25 08:00,18.62842771907193
2025-03-25 09:00,26.957291482827678
2025-03-25 10:00,33.397017378556654
2025-03-25 11:00,49.8186432437445
2025-03-25 12:00,53.72327832180548
2025-03-25 13:00,54.07305751398364
2025-03-25 14:00,50.55322302359722
2025-03-25 15:00,48.1566215799971
2025-03-25 16:00,47.3624510770038
2025-03-25 17:00,36.526087717403136
2025-03-25 18:00,24.23966823886087
2025-03-25 19:00,26.455447596862577
2025-03-25 20:00,15.41128912144909
2025-03-25 21:00,10.22814227555637
2025-03-25 22:00,7.1877016489922
2025-03-25 23:00,2.867641994306682
2025-03-26 00:00,2.2810190983584424
2025-03-26 01:00,1.5249523558243252
2025-03-26 02:00,1.8853935484881708
2025-03-26 03:00,3.065039866221256
2025-03-26 04:00,2.3251197054231305
2025-03-26 05:00,2.0688238000857777
2025-03-26 06:00,2.2889361932684515
2025-03-26 07:00,1.6413092570956014
2025-03-26 08:00,2.8293636047316535
2025-03-26 09:00,1.2066720059279752
2025-03-26 10:00,2.634671583694204
2025-03-26 11:00,1.5258234648502838
2025-03-26 12:00,2.781206064760826
2025-03-26 13:00,9.268367094986242
2025-03-26 14:00,5.823617160787611
2025-03-26 15:00,8.865342401305472
2025-03-26 16:00,20.579030960926666
2025-03-26 17:00,18.71386706288278
2025-03-26 18:00,32.04030994002868
2025-03-26 19:00,40.051461361784575
2025-03-26 20:00,44.745466931878525
2025-03-26 21:00,47.707863627821894
2025-03-26 22:00,46.088603865881005
2025-03-26 23:00,46.9333664892049
2025-03-27 00:00,53.22616968594252
2025-03-27 01:00,53.80472388902301
2025-03-27 02:00,54.02003802426569
2025-03-27 03:00,52.73867738035884
2025-03-27 04:00,52.42769598266365
2025-03-27 05:00,51.35295386344855
2025-03-27 06:00,49.9423281367805
2025-03-27 07:00,45.506855229203495
2025-03-27 08:00,48.210488099954844
2025-03-27 09:00,47.302839539768726
2025-03-27 10:00,42.64383778463359
2025-03-27 11:00,36.79552618672989
2025-03-27 12:00,34.471399374570034
2025-03-27 13:00,24.15119239731509
2025-03-27 14:00,19.933058916217757
2025-03-27 15:00,22.384971422531763
2025-03-27 16:00,16.372143603405323
2025-03-27 17:00,40.123714686587356
2025-03-27 18:00,41.33484033996769
2025-03-27 19:00,31.58020260304648
2025-03-27 20:00,29.919670382939806
2025-03-27 21:00,28.60506352660383
2025-03-27 22:00,26.953220395549454
2025-03-27 23:00,37.79946660270162
2025-03-28 00:00,41.77057585037462
2025-03-28 01:00,45.84158372878052
2025-03-28 02:00,37.28020243944459
2025-03-28 03:00,31.97788559478369
2025-03-28 04:00,33.71551927802539
2025-03-28 05:00,37.209297319146216
2025-03-28 06:00,48.890977653566424
2025-03-28 07:00,51.85081416345881
2025-03-28 08:00,54.55024858688424
2025-03-28 09:00,56.960400822610566
2025-03-28 10:00,56.28833245680938
2025-03-28 11:00,55.797032858896216
2025-03-28 12:00,56.133203342421055
2025-03-28 13:00,55.9055488281667
2025-03-28 14:00,56.75694858507913
2025-03-28 15:00,54.726155386472115
2025-03-28 16:00,55.44009917743668
2025-03-28 17:00,56.512358871479776
2025-03-28 18:00,55.212266077319384
2025-03-28 19:00,55.5086977347301
2025-03-28 20:00,56.26795048053185
2025-03-28 21:00,57.66961467200701
2025-03-28 22:00,55.13969364736083
2025-03-28 23:00,37.224137654518415
2025-03-29 00:00,10.647433689553008
2025-03-29 01:00,12.803150700961531
2025-03-29 02:00,11.336886860929082
2025-03-29 03:00,9.476415032887497
2025-03-29 04:00,9.666010332870467
2025-03-29 05:00,10.19812628927549
2025-03-29 06:00,10.856350002788933
2025-03-29 07:00,11.20718733605375
2025-03-29 08:00,9.915491029209868
2025-03-29 09:00,11.237548683354923
2025-03-29 10:00,7.270777631747077
2025-03-29 11:00,14.330898045769754
2025-03-29 12:00,19.684979685763384
2025-03-29 13:00,27.972866531955034
2025-03-29 14:00,45.88074160595225
2025-03-29 15:00,50.42350544889959
2025-03-29 16:00,53.62720437442473
2025-03-29 17:00,53.107235545319305
2025-03-29 18:00,55.38443885416145
2025-03-29 19:00,55.617933694489594
2025-03-29 20:00,55.13192392094848
2025-03-29 21:00,46.96648986775584
2025-03-29 22:00,36.10317936809213
2025-03-29 23:00,32.46903613220026
2025-03-30 00:00,27.536562397814418
2025-03-30 01:00,21.95698050337804
2025-03-30 02:00,18.354053499930505
2025-03-30 03:00,13.001335112341723
2025-03-30 04:00,8.396308802541833
2025-03-30 05:00,16.4725824356639
2025-03-30 06:00,17.577446437812323
2025-03-30 07:00,16.08271599739478
2025-03-30 08:00,21.25230211239407
2025-03-30 09:00,20.710924227408334
2025-03-30 10:00,21.748959463334298
2025-03-30 11:00,19.54478253966187
2025-03-30 12:00,18.6096303270903
2025-03-30 13:00,15.983348165091199
2025-03-30 14:00,14.924005271623106
2025-03-30 15:00,16.28264827688068
2025-03-30 16:00,15.728636069306775
2025-03-30 17:00,9.549170383077545
2025-03-30 18:00,16.50849651668952
2025-03-30 19:00,23.34055323454527
2025-03-30 20:00,23.471164358482373
2025-03-30 21:00,15.844561360373227
2025-03-30 22:00,13.932335202493125
2025-03-30 23:00,13.571513555936491
2025-03-31 00:00,10.889160986813808
2025-03-31 01:00,11.222376473747405
2025-03-31 02:00,9.467183329675365
2025-03-31 03:00,5.547936144363617
2025-03-31 04:00,7.254650325475055
2025-03-31 05:00,11.869127959211484
2025-03-31 06:00,9.490351548606192
2025-03-31 07:00,5.618827264575029
2025-03-31 08:00,4.393701380632393
2025-03-31 09:00,7.851976461769219
2025-03-31 10:00,0.7994735526946106
2025-03-31 11:00,2.284977587915841
2025-03-31 12:00,1.931192594812196
2025-03-31 13:00,0.69142402315424
2025-03-31 14:00,1.3894813877331207
2025-03-31 15:00,3.128058710744457
2025-03-31 16:00,2.6179281450179275
2025-03-31 17:00,1.9999051854756322
2025-03-31 18:00,9.639474139432679
2025-03-31 19:00,3.7764993894620584
2025-03-31 20:00,1.0243092238969629
2025-03-31 21:00,1.5382873303747033
2025-03-31 22:00,0.41615363780926634
2025-03-31 23:00,1.8942851030592571
2025-04-01 00:00,0.9189724279767295
2025-04-01 01:00,1.1010541911618905
2025-04-01 02:00,2.946900310663497
2025-04-01 03:00,1.3658149634616925
2025-04-01 04:00,1.1454160259193764
2025-04-01 05:00,1.2940030608729867
2025-04-01 06:00,2.0369766067390986
2025-04-01 07:00,2.9879233057501198
2025-04-01 08:00,1.4468940485076798
2025-04-01 09:00,1.3833957864181994
2025-04-01 10:00,0.8157817738789463
2025-04-01 11:00,2.4790744355255185
2025-04-01 12:00,3.394024988790508
2025-04-01 13:00,3.688415116346447
2025-04-01 14:00,6.126712535986226
2025-04-01 15:00,10.69318882104832
2025-04-01 16:00,10.26519009336119
2025-04-01 17:00,10.236423706184889
2025-04-01 18:00,10.209814927020654
2025-04-01 19:00,7.561180272186717
2025-04-01 20:00,3.028218758634312
2025-04-01 21:00,0.5670812934311698
2025-04-01 22:00,0.5581742629678214
2025-04-01 23:00,0.4345195084429269
2025-04-02 00:00,0.5351801962122686
2025-04-02 01:00,2.162152065670377
2025-04-02 02:00,0.3349934668166399
2025-04-02 03:00,0.7674559305716395
2025-04-02 04:00,0.34617134136235633
2025-04-02 05:00,2.1344959885324255
2025-04-02 06:00,2.2712392457560324
2025-04-02 07:00,0.8285139412074354
2025-04-02 08:00,0.8290779975443872
2025-04-02 09:00,2.0173025166420158
2025-04-02 10:00,2.21995595080997
2025-04-02 11:00,1.375641947735323
2025-04-02 12:00,1.6663840506949694
2025-04-02 13:00,6.223777345754868
2025-04-02 14:00,6.443053781756472
2025-04-02 15:00,4.841396192480401
2025-04-02 16:00,8.334267578066378
2025-04-02 17:00,23.326573676133933
2025-04-02 18:00,19.087983638522033
2025-04-02 19:00,17.264665369162273
2025-04-02 20:00,7.699187634223401
2025-04-02 21:00,10.4906956358361
2025-04-02 22:00,10.485791719976792
2025-04-02 23:00,3.8784658096122646
2025-04-03 00:00,2.865911818128844
2025-04-03 01:00,3.624880146843942
2025-04-03 02:00,1.4937143154753239
2025-04-03 03:00,2.9609169969678963
2025-04-03 04:00,1.1387023054154142
2025-04-03 05:00,2.7478538050338943
2025-04-03 06:00,3.336467182963013
2025-04-03 07:00,2.596860507809861
2025-04-03 08:00,1.857310628890138
2025-04-03 09:00,1.3038170085836085
2025-04-03 10:00,1.5022010894785645
2025-04-03 11:00,0.6230199525482883
2025-04-03 12:00,2.6495305724565346
2025-04-03 13:00,2.853980444224444
2025-04-03 14:00,5.213918796979817
2025-04-03 15:00,10.64183654477216
2025-04-03 16:00,17.856826923030567
2025-04-03 17:00,13.80010352057582
2025-04-03 18:00,19.165177317725586
2025-04-03 19:00,11.23336896624171
2025-04-03 20:00,5.338997311986533
2025-04-03 21:00,3.031585494134176
2025-04-03 22:00,3.7040696061294236
2025-04-03 23:00,2.6739187524552603
2025-04-04 00:00,1.4444984232375147
2025-04-04 01:00,1.6636478510727086
2025-04-04 02:00,1.4548839211147409
2025-04-04 03:00,2.002815646266778
2025-04-04 04:00,3.855234456235817
2025-04-04 05:00,1.576830985167158
2025-04-04 06:00,2.7318057480905793
2025-04-04 07:00,1.2953311252037814
2025-04-04 08:00,0.3232047249528334
2025-04-04 09:00,2.2174598861670995
2025-04-04 10:00,3.1104860022118808
2025-04-04 11:00,2.939057728743882
2025-04-04 12:00,6.259625107891928
2025-04-04 13:00,7.5320014674499856
2025-04-04 14:00,4.645947228441617
2025-04-04 15:00,5.345263781772674
2025-04-04 16:00,7.512536291978941
2025-04-04 17:00,0.9433322880500281
2025-04-04 18:00,3.5764814578224433
2025-04-04 19:00,1.987720880782006
2025-04-04 20:00,0.28085550776477125
2025-04-04 21:00,0.1069616753250961
2025-04-04 22:00,0.22933962313775222
2025-04-04 23:00,0.1670159529107624
2025-04-05 00:00,0.08676821180045752
2025-04-05 01:00,0.5391135980882782
2025-04-05 02:00,1.146482721020024
2025-04-05 03:00,3.1624239593686383
2025-04-05 04:00,3.709053808207223
2025-04-05 05:00,12.401965482898431
2025-04-05 06:00,16.03662190388567
2025-04-05 07:00,22.348106814238744
2025-04-05 08:00,45.76775148481852
2025-04-05 09:00,49.71087068131703
2025-04-05 10:00,46.989653542124806
2025-04-05 11:00,48.79182043102762
2025-04-05 12:00,46.03399508718781
2025-04-05 13:00,47.11689582361676
2025-04-05 14:00,42.96658649999037
2025-04-05 15:00,35.764123001637294
2025-04-05 16:00,31.228351536264228
2025-04-05 17:00,31.58272469205498
2025-04-05 18:00,11.680533753875906
2025-04-05 19:00,15.331530551655552
2025-04-05 20:00,7.064043548708467
2025-04-05 21:00,7.199544439015254
2025-04-05 22:00,6.748421755901404
2025-04-05 23:00,2.7436841133714696
2025-04-06 00:00,10.352714708029747
2025-04-06 01:00,9.873755778176957
2025-04-06 02:00,10.228817978918524
2025-04-06 03:00,7.5406264458906715
2025-04-06 04:00,3.5896300156277428
2025-04-06 05:00,3.949406004290113
2025-04-06 06:00,3.6055387016267515
2025-04-06 07:00,3.082677816847342
2025-04-06 08:00,4.63955209967628
2025-04-06 09:00,9.007282918849144
2025-04-06 10:00,8.212482454246626
2025-04-06 11:00,8.09361055632744
2025-04-06 12:00,15.091873414128717
2025-04-06 13:00,20.27210474181009
2025-04-06 14:00,16.175122137383433
2025-04-06 15:00,18.01968841028477
2025-04-06 16:00,22.654903207131973
2025-04-06 17:00,17.49735019919313
2025-04-06 18:00,10.014661919325306
2025-04-06 19:00,12.557758348222471
2025-04-06 20:00,5.804978287967758
2025-04-06 21:00,2.681117631117629
2025-04-06 22:00,2.981968269873118
2025-04-06 23:00,0.2868329976417979
2025-04-07 00:00,1.2006887108609159
2025-04-07 01:00,0.8936577462948514
2025-04-07 02:00,0.7747886809898008
2025-04-07 03:00,3.7641705312058917
2025-04-07 04:00,3.754846104661329
2025-04-07 05:00,4.2944296541480425
2025-04-07 06:00,11.345518661049091
2025-04-07 07:00,15.886753680043878
2025-04-07 08:00,15.515338376822312
2025-04-07 09:00,18.474667927909405
2025-04-07 10:00,33.18652662475259
2025-04-07 11:00,42.60802681695938
2025-04-07 12:00,51.19633794351249
2025-04-07 13:00,54.33091841298372
2025-04-07 14:00,55.128898142301345
2025-04-07 15:00,54.62177168537046
2025-04-07 16:00,55.335530241810176
2025-04-07 17:00,55.667612242295164
2025-04-07 18:00,53.704192020916025
2025-04-07 19:00,51.92353252193428
2025-04-07 20:00,52.34763172827451
2025-04-07 21:00,51.164523571511914
2025-04-07 22:00,51.72265198869826
2025-04-07 23:00,51.93285842600167
2025-04-08 00:00,54.407319591142326
2025-04-08 01:00,52.05060805980524
2025-04-08 02:00,49.7668527576334
2025-04-08 03:00,50.075734505043
2025-04-08 04:00,49.05920269977291
2025-04-08 05:00,45.38094442281681
2025-04-08 06:00,44.59186075143294
2025-04-08 07:00,42.86548817272593
2025-04-08 08:00,29.781103106956472
2025-04-08 09:00,26.76275855173514
2025-04-08 10:00,14.770558882723336
2025-04-08 11:00,7.341840383283909
2025-04-08 12:00,3.7854924024151906
2025-04-08 13:00,1.781822612301173
2025-04-08 14:00,10.921341201176727
2025-04-08 15:00,7.413051560032975
2025-04-08 16:00,5.8475142281632735
2025-04-08 17:00,7.020172326763676
2025-04-08 18:00,10.498574927222531
2025-04-08 19:00,12.302246593317525
2025-04-08 20:00,5.570061558300438
2025-04-08 21:00,2.9245098956172977
2025-04-08 22:00,1.5609225658142991
2025-04-08 23:00,0.5934681999630655
2025-04-09 00:00,0.7673483054065687
2025-04-09 01:00,2.0891940793867554
2025-04-09 02:00,0.5426009598037089
2025-04-09 03:00,0.09430397955867864
2025-04-09 04:00,0.06759430064593944
2025-04-09 05:00,1.668698670591294
2025-04-09 06:00,0.6021604331874035
2025-04-09 07:00,0.41484188990806986
2025-04-09 08:00,1.0399062086144877
2025-04-09 09:00,0.5751330119601368
2025-04-09 10:00,1.7793355922088925
2025-04-09 11:00,1.5809821160866309
2025-04-09 12:00,2.0448323571363156
2025-04-09 13:00,3.969080137315798
2025-04-09 14:00,2.779689165854189
2025-04-09 15:00,5.438488243634213
2025-04-09 16:00,2.322080737593071
2025-04-09 17:00,0.4260602762406769
2025-04-09 18:00,5.475288561119277
2025-04-09 19:00,2.692455057656214
2025-04-09 20:00,0.8801168618371842
2025-04-09 21:00,5.1199859768374685
2025-04-09 22:00,0.501469568028188
2025-04-09 23:00,2.03332555265805
2025-04-10 00:00,1.2585905272532159
2025-04-10 01:00,0.5203021691918752
2025-04-10 02:00,1.0072478381346868
2025-04-10 03:00,0.560985814118875
2025-04-10 04:00,1.8636105392602256
2025-04-10 05:00,4.101396117468569
2025-04-10 06:00,2.3632472013827592
2025-04-10 07:00,1.9897992027914233
2025-04-10 08:00,0.8288419793231544
2025-04-10 09:00,0.12840809424228472
2025-04-10 10:00,0.3052783880230272
2025-04-10 11:00,0.23083757118197715
2025-04-10 12:00,0.8222369521760335
2025-04-10 13:00,2.0189460078501975
2025-04-10 14:00,2.3579408599951694
2025-04-10 15:00,2.990157882553281
2025-04-10 16:00,3.8623770748948103
2025-04-10 17:00,1.7988400727937806
2025-04-10 18:00,2.838499730491365
2025-04-10 19:00,4.018494148980732
2025-04-10 20:00,2.488626872800228
2025-04-10 21:00,2.390964031323339
2025-04-10 22:00,0.1094886139481101
2025-04-10 23:00,1.6751630828483233
2025-04-11 00:00,2.804808533355863
2025-04-11 01:00,1.3103256251287423
2025-04-11 02:00,1.0085467999917876
2025-04-11 03:00,1.5035737303881684
2025-04-11 04:00,0.6153188741952367
2025-04-11 05:00,0.9400083973859001
2025-04-11 06:00,1.734621299033187
2025-04-11 07:00,0.240591217924415
2025-04-11 08:00,0.45119205661933026
2025-04-11 09:00,0.05110068326174339
2025-04-11 10:00,0.21659685141051482
2025-04-11 11:00,0.2535316637372493
2025-04-11 12:00,0.8079275585612565
2025-04-11 13:00,0.7712067957807548
2025-04-11 14:00,1.952015952385116
2025-04-11 15:00,2.117937730500362
2025-04-11 16:00,3.7888213820225047
2025-04-11 17:00,2.4534277914330214
2025-04-11 18:00,1.146206759289997
2025-04-11 19:00,3.4868138563992335
2025-04-11 20:00,1.1944529073717918
2025-04-11 21:00,1.4290985390082844
2025-04-11 22:00,1.6399271331210898
2025-04-11 23:00,0.07732785147926574
2025-04-12 00:00,2.7667239655307334
2025-04-12 01:00,10.631095667009289
2025-04-12 02:00,5.762503348311209
2025-04-12 03:00,16.846775305880747
2025-04-12 04:00,28.24245618604411
2025-04-12 05:00,30.09906978865701
2025-04-12 06:00,37.18751339980823
2025-04-12 07:00,42.439069599923975
2025-04-12 08:00,48.95398370264849
2025-04-12 09:00,48.54461296363084
2025-04-12 10:00,43.2215012354246
2025-04-12 11:00,44.33890926013636
2025-04-12 12:00,44.11317792174679
2025-04-12 13:00,44.04691490217362
2025-04-12 14:00,43.09633476211151
2025-04-12 15:00,46.26499573144228
2025-04-12 16:00,48.04112251268084
2025-04-12 17:00,44.895341950097304
2025-04-12 18:00,47.796379510389244
2025-04-12 19:00,53.191022163808015
2025-04-12 20:00,53.60250754087174
2025-04-12 21:00,54.225051819977644
2025-04-12 22:00,53.687582745341786
2025-04-12 23:00,53.73033738989254
2025-04-13 00:00,43.96524457992853
2025-04-13 01:00,20.676092157689673
2025-04-13 02:00,12.062523988179173
2025-04-13 03:00,27.596903130497488
2025-04-13 04:00,31.900688165837714
2025-04-13 05:00,34.536770078813454
2025-04-13 06:00,42.895743307451625
2025-04-13 07:00,44.62033077614856
2025-04-13 08:00,47.29705211744211
2025-04-13 09:00,48.696219567357694
2025-04-13 10:00,45.25442272665727
2025-04-13 11:00,45.952220747558
2025-04-13 12:00,45.57185911961572
2025-04-13 13:00,38.81918065716529
2025-04-13 14:00,42.656861507588175
2025-04-13 15:00,46.87377963846514
2025-04-13 16:00,43.0111675197968
2025-04-13 17:00,42.43559107980697
2025-04-13 18:00,42.14344444850577
2025-04-13 19:00,42.71531821460728
2025-04-13 20:00,49.682622120599156
2025-04-13 21:00,45.82613867358854
2025-04-13 22:00,38.2223452492189
2025-04-13 23:00,43.13536872083037
2025-04-14 00:00,51.88283751503509
2025-04-14 01:00,53.10052623650307
2025-04-14 02:00,53.51692484244479
2025-04-14 03:00,53.898179381315344
2025-04-14 04:00,53.38486973913824
2025-04-14 05:00,49.708622375235606
2025-04-14 06:00,45.79215978445337
2025-04-14 07:00,41.31335976701186
2025-04-14 08:00,42.23976771912248
2025-04-14 09:00,46.87216062403125
2025-04-14 10:00,27.887958338131146
2025-04-14 11:00,38.021949017807856
2025-04-14 12:00,43.32217726807043
2025-04-14 13:00,36.698753045244
2025-04-14 14:00,34.831312054096884
2025-04-14 15:00,35.54389760778651
2025-04-14 16:00,32.39450784386368
2025-04-14 17:00,37.23955423722834
2025-04-14 18:00,42.13117245768453
2025-04-14 19:00,38.78466672007944
2025-04-14 20:00,44.06343784054825
2025-04-14 21:00,57.04429063022264
2025-04-14 22:00,53.26201959719556
2025-04-14 23:00,46.74399168759112
2025-04-15 00:00,47.17614489090738
2025-04-15 01:00,44.217742353885725
2025-04-15 02:00,43.82879777529938
2025-04-15 03:00,41.51729921148319
2025-04-15 04:00,22.883465053002993
2025-04-15 05:00,19.243457938698135
2025-04-15 06:00,20.284464905308493
2025-04-15 07:00,17.12659104637841
2025-04-15 08:00,20.72166403773083
2025-04-15 09:00,39.796998321308095
2025-04-15 10:00,34.26881643688124
2025-04-15 11:00,29.61364335661671
2025-04-15 12:00,29.069746485646565
2025-04-15 13:00,28.011687097022396
2025-04-15 14:00,21.642589926500136
2025-04-15 15:00,14.701404133807745
2025-04-15 16:00,17.003948551010446
2025-04-15 17:00,13.258910850007393
2025-04-15 18:00,13.20968345663919
2025-04-15 19:00,15.795209052028314
2025-04-15 20:00,9.777876317750671
2025-04-15 21:00,10.66594432526726
2025-04-15 22:00,2.8260213517575714
2025-04-15 23:00,2.5307026785296003
2025-04-16 00:00,5.0811704140275324
2025-04-16 01:00,3.6014110730638698
2025-04-16 02:00,5.816786106537357
2025-04-16 03:00,10.270519745527677
2025-04-16 04:00,9.182335114503136
2025-04-16 05:00,21.166362059002033
2025-04-16 06:00,25.586124780461063
2025-04-16 07:00,26.688047189377272
2025-04-16 08:00,31.456060349976585
2025-04-16 09:00,37.06127764958099
2025-04-16 10:00,46.56501107339025
2025-04-16 11:00,46.17620239960361
2025-04-16 12:00,46.72689834646064
2025-04-16 13:00,48.43636105738831
2025-04-16 14:00,49.42703770120555
2025-04-16 15:00,49.43366265037359
2025-04-16 16:00,50.29450618212165
2025-04-16 17:00,49.97887950249948
2025-04-16 18:00,47.378675078100834
2025-04-16 19:00,48.432486861540454
2025-04-16 20:00,52.253034989958756
2025-04-16 21:00,53.399631810829476
2025-04-16 22:00,52.17391893316293
2025-04-16 23:00,52.379555555188034
2025-04-17 00:00,53.73294413638281
2025-04-17 01:00,53.89662505647455
2025-04-17 02:00,52.92673203935473
2025-04-17 03:00,52.12111363532365
2025-04-17 04:00,52.30513340383352
2025-04-17 05:00,52.24784436425166
2025-04-17 06:00,52.16160103585525
2025-04-17 07:00,53.059497631158855
2025-04-17 08:00,53.19734406964649
2025-04-17 09:00,53.042084977075284
2025-04-17 10:00,54.67100240200696
2025-04-17 11:00,53.890530680824895
2025-04-17 12:00,54.222585006944485
2025-04-17 13:00,53.53446622516401
2025-04-17 14:00,53.0266231648753
2025-04-17 15:00,52.824794664208824
2025-04-17 16:00,50.34351814430565
2025-04-17 17:00,48.432890111237725
2025-04-17 18:00,50.464718678222816
2025-04-17 19:00,47.03668878217565
2025-04-17 20:00,45.13440126366943
2025-04-17 21:00,42.14757739667722
2025-04-17 22:00,40.06757846859461
2025-04-17 23:00,40.54544585155456
2025-04-18 00:00,32.25034867239798
2025-04-18 01:00,41.133515407881376
2025-04-18 02:00,46.802362610989164
2025-04-18 03:00,46.54974676450472
2025-04-18 04:00,48.46115633225553
2025-04-18 05:00,50.07402196785948
2025-04-18 06:00,49.25429726428983
2025-04-18 07:00,46.03708825016891
2025-04-18 08:00,48.26435735255277
2025-04-18 09:00,47.640609778681196
2025-04-18 10:00,40.5396057527763
2025-04-18 11:00,32.757594341373995
2025-04-18 12:00,35.84937004855476
2025-04-18 13:00,36.90295151984312
2025-04-18 14:00,35.368499145486894
2025-04-18 15:00,33.4798037270119
2025-04-18 16:00,37.832319079442144
2025-04-18 17:00,35.96177813495465
2025-04-18 18:00,25.762781206471885
2025-04-18 19:00,24.831443623898583
2025-04-18 20:00,25.292637026220625
2025-04-18 21:00,20.708900044876806
2025-04-18 22:00,19.80299885374687
2025-04-18 23:00,18.936957235961906
2025-04-19 00:00,30.12238420124195
2025-04-19 01:00,30.21070867475589
2025-04-19 02:00,30.986296581081284
2025-04-19 03:00,32.243029482581974
2025-04-19 04:00,38.49804007492802
2025-04-19 05:00,41.08145040910972
2025-04-19 06:00,41.19627180773891
2025-04-19 07:00,45.31768818329978
2025-04-19 08:00,46.843814958385664
2025-04-19 09:00,49.51758388797939
2025-04-19 10:00,50.9197112770906
2025-04-19 11:00,51.91187828835367
2025-04-19 12:00,54.30736253808935
2025-04-19 13:00,53.48828419514227
2025-04-19 14:00,51.232071737711806
2025-04-19 15:00,51.81028187964486
2025-04-19 16:00,47.12291037666456
2025-04-19 17:00,46.86405096124646
2025-04-19 18:00,42.52131026982477
2025-04-19 19:00,37.48165302348659
2025-04-19 20:00,27.90151966957852
2025-04-19 21:00,19.60912184165933
2025-04-19 22:00,19.286106637219646
2025-04-19 23:00,19.61234502625969
2025-04-20 00:00,2.1629733209181454
2025-04-20 01:00,1.6243856513899804
2025-04-20 02:00,8.8481696847225
2025-04-20 03:00,9.895116446621905
2025-04-20 04:00,6.26433824888651
2025-04-20 05:00,18.247175884310867
2025-04-20 06:00,16.37402060818775
2025-04-20 07:00,11.719812749218718
2025-04-20 08:00,14.731906569005325
2025-04-20 09:00,8.282120023576246
2025-04-20 10:00,2.295537538901381
2025-04-20 11:00,6.647151435758031
2025-04-20 12:00,11.170920383320231
2025-04-20 13:00,7.7752708361294935
2025-04-20 14:00,9.458408257164985
2025-04-20 15:00,11.505770339129654
2025-04-20 16:00,17.346707267101397
2025-04-20 17:00,11.54129105402909
2025-04-20 18:00,10.018085078366028
2025-04-20 19:00,10.981454294016242
2025-04-20 20:00,3.8594580768311495
2025-04-20 21:00,4.0724188155532515
2025-04-20 22:00,8.168823951054481
2025-04-20 23:00,5.986013445826202
2025-04-21 00:00,0.002754782027763543
2025-04-21 01:00,0.03173207325281188
2025-04-21 02:00,0.0
2025-04-21 03:00,0.04670764341768434
2025-04-21 04:00,0.0037390370147740108
2025-04-21 05:00,0.0311344827932118
2025-04-21 06:00,0.5347152987023762
2025-04-21 07:00,0.07218944321572385
2025-04-21 08:00,0.36082522232468117
2025-04-21 09:00,0.5861449163927619
2025-04-21 10:00,3.087613547656244
2025-04-21 11:00,0.6033506136568899
2025-04-21 12:00,3.8511533404061313
2025-04-21 13:00,5.256442733693627
2025-04-21 14:00,1.1221707318937642
2025-04-21 15:00,0.9202824753308927
2025-04-21 16:00,0.4646100539936444
2025-04-21 17:00,1.2350768378420693
2025-04-21 18:00,0.7208812311988031
2025-04-21 19:00,0.3911506693279662
2025-04-21 20:00,0.05637847479118968
2025-04-21 21:00,0.05232362116484798
2025-04-21 22:00,0.03951632433291116
2025-04-21 23:00,0.07422769759531511
2025-04-22 00:00,1.073847400466393
2025-04-22 01:00,1.2322302579225735
2025-04-22 02:00,2.4064218543491083
2025-04-22 03:00,10.019784481560167
2025-04-22 04:00,9.574609912594001
2025-04-22 05:00,8.703224696941962
2025-04-22 06:00,36.639324385270285
2025-04-22 07:00,29.440976099606303
2025-04-22 08:00,23.438246804603224
2025-04-22 09:00,40.99391567641402
2025-04-22 10:00,37.54216300178603
2025-04-22 11:00,40.5409751393433
2025-04-22 12:00,45.721017022416596
2025-04-22 13:00,42.40287045056383
2025-04-22 14:00,38.01678039409102
2025-04-22 15:00,45.0890354996574
2025-04-22 16:00,37.79574356408838
2025-04-22 17:00,42.61433312335359
2025-04-22 18:00,34.01736820149695
2025-04-22 19:00,29.070240837352333
2025-04-22 20:00,21.253068591143453
2025-04-22 21:00,3.959184975654638
2025-04-22 22:00,2.846228556923651
2025-04-22 23:00,3.4325589213182655
2025-04-23 00:00,16.142002307702363
2025-04-23 01:00,19.513335430388672
2025-04-23 02:00,19.532521882827048
2025-04-23 03:00,17.494348609045332
2025-04-23 04:00,17.838448070793575
2025-04-23 05:00,17.071134606870764
2025-04-23 06:00,12.581783113684732
2025-04-23 07:00,7.792970023630562
2025-04-23 08:00,4.701624092401389
2025-04-23 09:00,1.3977958298289335
2025-04-23 10:00,0.6430114891440291
2025-04-23 11:00,0.7071559649828857
2025-04-23 12:00,0.7022688373139933
2025-04-23 13:00,2.1060415580113223
2025-04-23 14:00,1.5036946477401703
2025-04-23 15:00,3.6985595399577003
2025-04-23 16:00,7.382355550170363
2025-04-23 17:00,3.627411685415189
2025-04-23 18:00,2.210497169262619
2025-04-23 19:00,3.6330206686310937
2025-04-23 20:00,2.132060444067063
2025-04-23 21:00,0.9513022578499655
2025-04-23 22:00,0.230246085295092
2025-04-23 23:00,0.3648472123476988
2025-04-24 00:00,0.5195613424386785
2025-04-24 01:00,0.472877710505561
2025-04-24 02:00,0.3682597970087411
2025-04-24 03:00,0.9473638144877943
2025-04-24 04:00,0.17296045461694937
2025-04-24 05:00,0.9809352635113034
2025-04-24 06:00,3.076069835604999
2025-04-24 07:00,4.599289030003241
2025-04-24 08:00,4.2245669997696185
2025-04-24 09:00,10.541124983711958
2025-04-24 10:00,14.749513505324778
2025-04-24 11:00,11.358902557582805
2025-04-24 12:00,5.077985254531113
2025-04-24 13:00,2.7463192901735516
2025-04-24 14:00,2.363198542383917
2025-04-24 15:00,7.3894191498445805
2025-04-24 16:00,8.507233647370935
2025-04-24 17:00,12.245160788214784
2025-04-24 18:00,35.392081388353546
2025-04-24 19:00,38.66714571347106
2025-04-24 20:00,35.001922067019606
2025-04-24 21:00,33.596905807991305
2025-04-24 22:00,19.57572901358215
2025-04-24 23:00,17.011748283351242
2025-04-25 00:00,24.666071080195252
2025-04-25 01:00,16.67724620069756
2025-04-25 02:00,13.158028873607705
2025-04-25 03:00,11.543645801299895
2025-04-25 04:00,13.304519997077435
2025-04-25 05:00,13.62973869673552
2025-04-25 06:00,7.998895578938619
2025-04-25 07:00,8.934400804948513
2025-04-25 08:00,5.96298402780014
2025-04-25 09:00,6.992570276207152
2025-04-25 10:00,8.236527692666456
2025-04-25 11:00,7.507111637419452
2025-04-25 12:00,9.146591228580485
2025-04-25 13:00,11.184927881187482
2025-04-25 14:00,11.380842668341586
2025-04-25 15:00,8.868092504563148
2025-04-25 16:00,12.991254588863605
2025-04-25 17:00,7.184214116349775
2025-04-25 18:00,5.534144891740276
2025-04-25 19:00,14.175122173087779
2025-04-25 20:00,3.015690669695066
2025-04-25 21:00,1.86438029240792
2025-04-25 22:00,1.7419825635642174
2025-04-25 23:00,1.7273511945115683
2025-04-26 00:00,0.32972669072178673
2025-04-26 01:00,1.25289695641208
2025-04-26 02:00,0.44893343441445144
2025-04-26 03:00,0.47572296953324433
2025-04-26 04:00,1.2139689940707536
2025-04-26 05:00,2.2894504301552514
2025-04-26 06:00,2.4728221686364806
2025-04-26 07:00,7.805576253623316
2025-04-26 08:00,13.557035254360862
2025-04-26 09:00,12.080846547373083
2025-04-26 10:00,19.104064143159142
2025-04-26 11:00,27.732047120878356
2025-04-26 12:00,29.373532829248223
2025-04-26 13:00,31.731789324708505
2025-04-26 14:00,33.89084991557907
2025-04-26 15:00,40.42144316847755
2025-04-26 16:00,42.96854681589434
2025-04-26 17:00,42.85107487864197
2025-04-26 18:00,41.78351480573484
2025-04-26 19:00,46.59657570553736
2025-04-26 20:00,42.9358247128134
2025-04-26 21:00,39.835131867181786
2025-04-26 22:00,36.93224133002538
2025-04-26 23:00,37.1696613633498
2025-04-27 00:00,27.375791313871403
2025-04-27 01:00,22.926611515707087
2025-04-27 02:00,27.300207528604048
2025-04-27 03:00,30.582627553374866
2025-04-27 04:00,28.384062224200953
2025-04-27 05:00,28.278862633035303
2025-04-27 06:00,37.273444146354436
2025-04-27 07:00,29.47989332370569
2025-04-27 08:00,22.790895493625314
2025-04-27 09:00,23.89388351611528
2025-04-27 10:00,21.864951624983078
2025-04-27 11:00,13.781065182984499
2025-04-27 12:00,16.58963519046815
2025-04-27 13:00,9.145713572465255
2025-04-27 14:00,4.921720436386023
2025-04-27 15:00,6.243704465594802
2025-04-27 16:00,3.7082858563321106
2025-04-27 17:00,2.147842987466381
2025-04-27 18:00,8.260905528885917
2025-04-27 19:00,7.745260770545137
2025-04-27 20:00,3.845819013737477
2025-04-27 21:00,4.292397961357537
2025-04-27 22:00,13.122377653285643
2025-04-27 23:00,3.933468135905245
2025-04-28 00:00,2.4405518349471813
2025-04-28 01:00,4.06611165088538
2025-04-28 02:00,1.1519629732073464
2025-04-28 03:00,0.3945151715593962
2025-04-28 04:00,0.0
2025-04-28 05:00,0.37898652629012497
2025-04-28 06:00,0.9764193805865791
2025-04-28 07:00,0.031742974216642954
2025-04-28 08:00,1.8825378940074007
2025-04-28 09:00,1.5201018800206063
2025-04-28 10:00,4.404795044987942
2025-04-28 11:00,7.034987860161235
2025-04-28 12:00,9.39093554278857
2025-04-28 13:00,17.293187533680666
2025-04-28 14:00,23.93971052892814
2025-04-28 15:00,26.107230803354867
2025-04-28 16:00,33.47331986760558
2025-04-28 17:00,31.909663598933413
2025-04-28 18:00,28.114983878078608
2025-04-28 19:00,26.097363364891265
2025-04-28 20:00,23.82630795628623
2025-04-28 21:00,10.380909137125167
2025-04-28 22:00,6.954771022994002
2025-04-28 23:00,3.394782820646383
2025-04-29 00:00,1.6931293527931444
2025-04-29 01:00,2.052874859275331
2025-04-29 02:00,1.5994986371384523
2025-04-29 03:00,1.8025814305687022
2025-04-29 04:00,2.0825329198369715
2025-04-29 05:00,1.9916150353554336
2025-04-29 06:00,1.5190218381201417
2025-04-29 07:00,0.7318373402985983
2025-04-29 08:00,0.7379558628514633
2025-04-29 09:00,0.11204656676230057
2025-04-29 10:00,0.584132372415645
2025-04-29 11:00,0.7364069640598109
2025-04-29 12:00,1.83717615975665
2025-04-29 13:00,2.0406838684252615
2025-04-29 14:00,3.3508381020906635
2025-04-29 15:00,4.173995953719735
2025-04-29 16:00,4.750134067424748
2025-04-29 17:00,5.430874189351753
2025-04-29 18:00,14.453468598251563
2025-04-29 19:00,21.424170255208253
2025-04-29 20:00,19.169475743173408
2025-04-29 21:00,27.174327123639294
2025-04-29 22:00,27.846801523654428
2025-04-29 23:00,24.58441690424982
2025-04-30 00:00,19.75725833652603
2025-04-30 01:00,21.675286179897853
2025-04-30 02:00,26.938697151258513
2025-04-30 03:00,27.34604229724186
2025-04-30 04:00,27.756657406316826
2025-04-30 05:00,31.753586024746962
2025-04-30 06:00,37.21129158167419
2025-04-30 07:00,34.898409880292235
2025-04-30 08:00,43.05092655232039
2025-04-30 09:00,46.45312038380402
2025-04-30 10:00,51.021190177415576
2025-04-30 11:00,54.93395937942249
2025-04-30 12:00,56.29787748818413
2025-04-30 13:00,53.31116107878794
2025-04-30 14:00,54.22046786897159
2025-04-30 15:00,53.4284356568411
2025-04-30 16:00,53.947721361316546
2025-04-30 17:00,51.57669883980818
2025-04-30 18:00,49.17318386963953
2025-04-30 19:00,49.83593021476076
2025-04-30 20:00,50.75471411430321
2025-04-30 21:00,43.80371262142431
2025-04-30 22:00,47.59546006320793
2025-04-30 23:00,46.25413590491362
2025-05-01 00:00,52.61619564393562
2025-05-01 01:00,53.29486222771145
2025-05-01 02:00,52.82395601041304
2025-05-01 03:00,53.13320108249914
2025-05-01 04:00,51.517224574977604
2025-05-01 05:00,53.03691788338216
2025-05-01 06:00,54.171805252355206
2025-05-01 07:00,53.567027977626786
2025-05-01 08:00,53.620223945199655
2025-05-01 09:00,53.59597185216464
2025-05-01 10:00,52.80352226402145
2025-05-01 11:00,50.98654225392218
2025-05-01 12:00,50.91038078743979
2025-05-01 13:00,45.664588591299704
2025-05-01 14:00,41.2910950786037
2025-05-01 15:00,30.049080290801594
2025-05-01 16:00,29.3681786161904
2025-05-01 17:00,14.392125094374206
2025-05-01 18:00,13.881742780811079
2025-05-01 19:00,13.500572969407838
2025-05-01 20:00,12.299866536553743
2025-05-01 21:00,10.749729809145446
2025-05-01 22:00,11.142755419594053
2025-05-01 23:00,9.102106516298624
2025-05-02 00:00,25.842638701698416
2025-05-02 01:00,32.04325191393435
2025-05-02 02:00,28.240010039355433
2025-05-02 03:00,32.889155793175405
2025-05-02 04:00,36.97732632834698
2025-05-02 05:00,32.93089839202831
2025-05-02 06:00,28.51745983114974
2025-05-02 07:00,35.660540467341406
2025-05-02 08:00,46.611079186369224
2025-05-02 09:00,41.111336160265154
2025-05-02 10:00,32.517561820191204
2025-05-02 11:00,31.73143001928586
2025-05-02 12:00,22.791078276515876
2025-05-02 13:00,18.110591302906556
2025-05-02 14:00,12.006247867338711
2025-05-02 15:00,15.515650904099106
2025-05-02 16:00,3.917926305690671
2025-05-02 17:00,2.671433158148793
2025-05-02 18:00,3.5985754234605047
2025-05-02 19:00,2.9780150348284646
2025-05-02 20:00,2.495909803286234
2025-05-02 21:00,1.6143209509878336
2025-05-02 22:00,0.20353828057206685
2025-05-02 23:00,0.20777649680440574
2025-05-03 00:00,4.368056824092712
2025-05-03 01:00,4.537911278797739
2025-05-03 02:00,2.463053648350316
2025-05-03 03:00,10.432955696919539
2025-05-03 04:00,20.99842716919992
2025-05-03 05:00,7.020067456968129
2025-05-03 06:00,5.716958283888644
2025-05-03 07:00,22.763787713662275
2025-05-03 08:00,9.659865420233954
2025-05-03 09:00,11.381280327371284
2025-05-03 10:00,10.170760157022174
2025-05-03 11:00,7.246646055232561
2025-05-03 12:00,8.08699015417973
2025-05-03 13:00,11.508119207454332
2025-05-03 14:00,17.818773410602333
2025-05-03 15:00,12.669951762702922
2025-05-03 16:00,25.455612375689462
2025-05-03 17:00,39.89014633410531
2025-05-03 18:00,41.414204486542715
2025-05-03 19:00,25.17350845245764
2025-05-03 20:00,19.4706414488789
2025-05-03 21:00,22.544788606522864
2025-05-03 22:00,16.68500553677132
2025-05-03 23:00,16.133824740367913
2025-05-04 00:00,2.9709129611895193
2025-05-04 01:00,6.591658370781207
2025-05-04 02:00,4.8815426109806115
2025-05-04 03:00,10.395573747033177
2025-05-04 04:00,8.504959261273914
2025-05-04 05:00,5.9704946024871175
2025-05-04 06:00,6.391627963273642
2025-05-04 07:00,6.483553999914591
2025-05-04 08:00,2.623553722539511
2025-05-04 09:00,1.2297573893858553
2025-05-04 10:00,2.774542733889759
2025-05-04 11:00,3.143073722405326
2025-05-04 12:00,4.028866940866041
2025-05-04 13:00,10.881213749350078
2025-05-04 14:00,11.128602615899856
2025-05-04 15:00,7.519134588928267
2025-05-04 16:00,14.3220541319135
2025-05-04 17:00,3.215744520577087
2025-05-04 18:00,2.557448953307259
2025-05-04 19:00,11.130933276765516
2025-05-04 20:00,3.929727043467498
2025-05-04 21:00,2.8283972520921967
2025-05-04 22:00,2.754384583852111
2025-05-04 23:00,0.25792428786637667
2025-05-05 00:00,0.8289312236363868
2025-05-05 01:00,0.11997444280356709
2025-05-05 02:00,0.49103337458387997
2025-05-05 03:00,1.214884956565259
2025-05-05 04:00,0.5408863482223174
2025-05-05 05:00,1.561812878391358
2025-05-05 06:00,1.7478137205041708
2025-05-05 07:00,2.2367306386292443
2025-05-05 08:00,2.067361025302949
2025-05-05 09:00,0.6177586281981566
2025-05-05 10:00,0.5892377533539637
2025-05-05 11:00,0.9251477126879052
2025-05-05 12:00,0.32689350184662835
2025-05-05 13:00,0.5385894243767307
2025-05-05 14:00,0.302933261516349
2025-05-05 15:00,0.5923855141283113
2025-05-05 16:00,2.670063026655209
2025-05-05 17:00,2.343880880720251
2025-05-05 18:00,2.4335850553606404
2025-05-05 19:00,9.756765157200896
2025-05-05 20:00,11.11062391548546
2025-05-05 21:00,3.91879146408985
2025-05-05 22:00,10.677337489775576
2025-05-05 23:00,13.52359936694281
2025-05-06 00:00,1.9760441829175797
2025-05-06 01:00,3.3762400714249594
2025-05-06 02:00,9.698437944462327
2025-05-06 03:00,5.851549451245504
2025-05-06 04:00,8.357554083114707
2025-05-06 05:00,11.09598049982122
2025-05-06 06:00,9.31076933123238
2025-05-06 07:00,7.534628008177792
2025-05-06 08:00,2.6477763261497174
2025-05-06 09:00,1.1451535436231313
2025-05-06 10:00,0.7592041891780521
2025-05-06 11:00,0.6137532283175694
2025-05-06 12:00,0.5283459760937318
2025-05-06 13:00,0.9323861572641321
2025-05-06 14:00,2.6048692227720203
2025-05-06 15:00,2.850949481339268
2025-05-06 16:00,5.063724551829458
2025-05-06 17:00,14.10554235107119
2025-05-06 18:00,6.144074503123253
2025-05-06 19:00,4.894978662314903
2025-05-06 20:00,5.352163125226827
2025-05-06 21:00,3.9386185713538575
2025-05-06 22:00,4.624446251432882
2025-05-06 23:00,3.8139005829756156
2025-05-07 00:00,0.7939341689483422
2025-05-07 01:00,1.021815382912612
2025-05-07 02:00,0.8524765522945368
2025-05-07 03:00,0.16234133969048709
2025-05-07 04:00,0.5274379916199204
2025-05-07 05:00,0.8242284718938795
2025-05-07 06:00,0.6107279311991936
2025-05-07 07:00,0.6780449374606672
2025-05-07 08:00,0.9516664977089357
2025-05-07 09:00,0.02165466947026438
2025-05-07 10:00,0.28121025903684227
2025-05-07 11:00,0.3507769712436493
2025-05-07 12:00,2.988795127872686
2025-05-07 13:00,4.327731827004088
2025-05-07 14:00,3.8720638869148347
2025-05-07 15:00,10.161748592718169
2025-05-07 16:00,9.966132929198697
2025-05-07 17:00,3.4053929509943623
2025-05-07 18:00,3.6930067657745207
2025-05-07 19:00,1.9160107205050305
2025-05-07 20:00,0.6152649849752008
2025-05-07 21:00,2.50402848849249
2025-05-07 22:00,1.1574875837048346
2025-05-07 23:00,1.0822429598961179
2025-05-08 00:00,0.15251506158913172
2025-05-08 01:00,0.8597963002210032
2025-05-08 02:00,1.7631314327545042
2025-05-08 03:00,0.9817763914514057
2025-05-08 04:00,0.4232819464207304
2025-05-08 05:00,0.6204753529929861
2025-05-08 06:00,0.7560202360585357
2025-05-08 07:00,0.24367471798579418
2025-05-08 08:00,0.32674128140738024
2025-05-08 09:00,0.2083067743521036
2025-05-08 10:00,2.2353707642815834
2025-05-08 11:00,0.7459129672100816
2025-05-08 12:00,0.3559518552257032
2025-05-08 13:00,4.463187311443486
2025-05-08 14:00,2.250695274017768
2025-05-08 15:00,1.2645837705238954
2025-05-08 16:00,0.6676753911949923
2025-05-08 17:00,0.45346990571701273
2025-05-08 18:00,1.770135590063402
2025-05-08 19:00,1.8151611764352258
2025-05-08 20:00,0.5848412757288091
2025-05-08 21:00,0.267538149588557
2025-05-08 22:00,0.33348504673975876
2025-05-08 23:00,0.5857575189412965
2025-05-09 00:00,5.865708617888938
2025-05-09 01:00,3.2209185115463654
2025-05-09 02:00,6.074341377399664
2025-05-09 03:00,7.79925235197486
2025-05-09 04:00,10.554756649128457
2025-05-09 05:00,9.311319913085555
2025-05-09 06:00,18.748009463241054
2025-05-09 07:00,9.636212699710601
2025-05-09 08:00,22.65651850342753
2025-05-09 09:00,29.173797083595176
2025-05-09 10:00,15.932778402461754
2025-05-09 11:00,33.28307736293583
2025-05-09 12:00,39.065202894338384
2025-05-09 13:00,47.1017243843788
2025-05-09 14:00,52.51821062764876
2025-05-09 15:00,52.49279865711415
2025-05-09 16:00,50.75030710516444
2025-05-09 17:00,50.5386667878831
2025-05-09 18:00,53.25531456831118
2025-05-09 19:00,53.09425425849673
2025-05-09 20:00,52.836696449963625
2025-05-09 21:00,52.76166228012182
2025-05-09 22:00,52.97611944093142
2025-05-09 23:00,52.924592153934306
2025-05-10 00:00,51.23056836793424
2025-05-10 01:00,47.44828099842147
2025-05-10 02:00,48.361928433116844
2025-05-10 03:00,47.19286077172465
2025-05-10 04:00,49.2074609310491
2025-05-10 05:00,49.124193796092364
2025-05-10 06:00,48.956812740505995
2025-05-10 07:00,43.281527288674596
2025-05-10 08:00,39.1103319166391
2025-05-10 09:00,46.07275005162316
2025-05-10 10:00,48.1250309639738
2025-05-10 11:00,46.38335192736174
2025-05-10 12:00,45.67003997859776
2025-05-10 13:00,46.23455225375373
2025-05-10 14:00,45.4791737104141
2025-05-10 15:00,47.42333811389386
2025-05-10 16:00,46.72609705811048
2025-05-10 17:00,42.624203344806354
2025-05-10 18:00,31.566664644734896
2025-05-10 19:00,33.70704346407041
2025-05-10 20:00,33.49376812504248
2025-05-10 21:00,35.84787879008223
2025-05-10 22:00,32.231131575114546
2025-05-10 23:00,15.423023151849986
2025-05-11 00:00,6.274103983336849
2025-05-11 01:00,8.481067116689545
2025-05-11 02:00,3.799708713678102
2025-05-11 03:00,1.2039638643124113
2025-05-11 04:00,1.4899602650172579
2025-05-11 05:00,0.705484980975201
2025-05-11 06:00,1.7336036174736886
2025-05-11 07:00,3.2939643659691145
2025-05-11 08:00,3.5314704427099413
2025-05-11 09:00,4.210230927607402
2025-05-11 10:00,8.3711800390053
2025-05-11 11:00,7.441522169558629
2025-05-11 12:00,12.068328490427199
2025-05-11 13:00,16.238802716496526
2025-05-11 14:00,11.026086931972845
2025-05-11 15:00,11.738437921649384
2025-05-11 16:00,4.279987029227954
2025-05-11 17:00,11.95689332082113
2025-05-11 18:00,7.726793493671275
2025-05-11 19:00,2.807904787723868
2025-05-11 20:00,6.085996442210774
2025-05-11 21:00,8.151102284522773
2025-05-11 22:00,2.253960649911058
2025-05-11 23:00,2.211964760335829
2025-05-12 00:00,1.5995987332993422
2025-05-12 01:00,1.0515589043884455
2025-05-12 02:00,3.540771628722786
2025-05-12 03:00,5.66893205958473
2025-05-12 04:00,3.4128779464322485
2025-05-12 05:00,5.683174652284987
2025-05-12 06:00,9.380188575730312
2025-05-12 07:00,8.365295094665235
2025-05-12 08:00,18.723240083261757
2025-05-12 09:00,20.8186652273734
2025-05-12 10:00,17.645033649680684
2025-05-12 11:00,18.694267819076916
2025-05-12 12:00,23.92262535454659
2025-05-12 13:00,29.26766821630518
2025-05-12 14:00,32.991336489844564
2025-05-12 15:00,36.1682052042522
2025-05-12 16:00,33.2464574812777
2025-05-12 17:00,28.5164625618867
2025-05-12 18:00,26.4049574677828
2025-05-12 19:00,25.012529434675876
2025-05-12 20:00,33.58511406052327
2025-05-12 21:00,17.050980843158193
2025-05-12 22:00,17.424869409060406
2025-05-12 23:00,26.774607809791913
2025-05-13 00:00,19.622909480893377
2025-05-13 01:00,18.266777498994234
2025-05-13 02:00,24.886123131853267
2025-05-13 03:00,19.67091050312182
2025-05-13 04:00,26.1185392198253
2025-05-13 05:00,35.32417858328516
2025-05-13 06:00,30.311511667810947
2025-05-13 07:00,38.920980707459265
2025-05-13 08:00,41.70898117075289
2025-05-13 09:00,40.262800498142745
2025-05-13 10:00,39.781677231720266
2025-05-13 11:00,44.97510049000755
2025-05-13 12:00,48.89686469116062
2025-05-13 13:00,42.759175199364115
2025-05-13 14:00,42.3836376743871
2025-05-13 15:00,40.97598293008939
2025-05-13 16:00,41.65741838132831
2025-05-13 17:00,29.65837458327924
2025-05-13 18:00,21.00506982824846
2025-05-13 19:00,25.197957531360732
2025-05-13 20:00,10.780945416234857
2025-05-13 21:00,7.399128092977319
2025-05-13 22:00,7.3256296116022215
2025-05-13 23:00,6.192251383738032
2025-05-14 00:00,2.844567000144946
2025-05-14 01:00,1.343399518033947
2025-05-14 02:00,3.449875802885246
2025-05-14 03:00,4.8661836052773175
2025-05-14 04:00,3.393139907772267
2025-05-14 05:00,6.504023442861925
2025-05-14 06:00,6.473824076681863
2025-05-14 07:00,8.895433439200946
2025-05-14 08:00,13.892842498473845
2025-05-14 09:00,16.462354235655983
2025-05-14 10:00,12.772588604269341
2025-05-14 11:00,16.361435170166363
2025-05-14 12:00,30.21683226701495
2025-05-14 13:00,21.42291404324706
2025-05-14 14:00,31.542592676549212
2025-05-14 15:00,38.36348509204507
2025-05-14 16:00,40.66025196584334
2025-05-14 17:00,36.497081806187
2025-05-14 18:00,41.78618368749506
2025-05-14 19:00,38.4226403645494
2025-05-14 20:00,35.69578776096439
2025-05-14 21:00,31.231971733761966
2025-05-14 22:00,41.54613644775657
2025-05-14 23:00,40.740744114149166
2025-05-15 00:00,44.9945756762866
2025-05-15 01:00,37.32848059472182
2025-05-15 02:00,38.326975139884595
2025-05-15 03:00,46.74638914603964
2025-05-15 04:00,43.62580337213064
2025-05-15 05:00,26.62764477838821
2025-05-15 06:00,40.632795699178054
2025-05-15 07:00,40.62672061168537
2025-05-15 08:00,34.59737701601245
2025-05-15 09:00,31.411256127879817
2025-05-15 10:00,34.84352165129843
2025-05-15 11:00,26.556799486914464
2025-05-15 12:00,24.317373699412467
2025-05-15 13:00,23.74344847247524
2025-05-15 14:00,17.140592623099288
2025-05-15 15:00,16.38485703475001
2025-05-15 16:00,15.935810206930793
2025-05-15 17:00,13.214603751147667
2025-05-15 18:00,13.707624377417256
2025-05-15 19:00,11.778698944975677
2025-05-15 20:00,11.53837913715288
2025-05-15 21:00,9.515228150453382
2025-05-15 22:00,8.50875460799273
2025-05-15 23:00,7.914029502010205
2025-05-16 00:00,8.581503985088304
2025-05-16 01:00,8.50076529944084
2025-05-16 02:00,8.597907861615735
2025-05-16 03:00,5.5754765875088514
2025-05-16 04:00,3.4134255932631623
2025-05-16 05:00,1.7930870270571708
2025-05-16 06:00,1.0063946912315183
2025-05-16 07:00,3.6984815522147665
2025-05-16 08:00,3.5760675381738682
2025-05-16 09:00,5.779624296710581
2025-05-16 10:00,9.204350261565871
2025-05-16 11:00,3.506320008806658
2025-05-16 12:00,21.83674260353873
2025-05-16 13:00,18.787187686527304
2025-05-16 14:00,13.955019102562895
2025-05-16 15:00,25.088955851285235
2025-05-16 16:00,16.387191266542963
2025-05-16 17:00,25.196856433332968
2025-05-16 18:00,22.882055146357146
2025-05-16 19:00,22.43029765497325
2025-05-16 20:00,21.440480499323883
2025-05-16 21:00,29.244502629918472
2025-05-16 22:00,26.355309729650358
2025-05-16 23:00,28.828714912253837
2025-05-17 00:00,9.238646965594002
2025-05-17 01:00,3.224988984752348
2025-05-17 02:00,2.797686903158543
2025-05-17 03:00,1.5568360068698792
2025-05-17 04:00,0.6174357941075179
2025-05-17 05:00,1.4244546831656753
2025-05-17 06:00,2.526341805721901
2025-05-17 07:00,0.8721175080831893
2025-05-17 08:00,1.2710704995502122
2025-05-17 09:00,3.495062413883537
2025-05-17 10:00,1.3700838625540825
2025-05-17 11:00,2.439125952908038
2025-05-17 12:00,7.535470286939703
2025-05-17 13:00,6.388010928034597
2025-05-17 14:00,17.923121705242707
2025-05-17 15:00,12.751872688278418
2025-05-17 16:00,20.514462498677027
2025-05-17 17:00,29.737764555315508
2025-05-17 18:00,30.44621511786654
2025-05-17 19:00,35.02874546669682
2025-05-17 20:00,20.31803572050905
2025-05-17 21:00,19.611394802166476
2025-05-17 22:00,17.756659877075286
2025-05-17 23:00,8.287622099011532
2025-05-18 00:00,11.769184326615242
2025-05-18 01:00,9.711934688083865
2025-05-18 02:00,10.20957372989771
2025-05-18 03:00,9.516280934945986
2025-05-18 04:00,9.504795948711553
2025-05-18 05:00,5.420175909537352
2025-05-18 06:00,6.85923858667681
2025-05-18 07:00,9.95190506668694
2025-05-18 08:00,2.5249940130317525
2025-05-18 09:00,1.392327218168393
2025-05-18 10:00,2.822841905998403
2025-05-18 11:00,2.469789553192993
2025-05-18 12:00,5.545776533785645
2025-05-18 13:00,6.2092700838638
2025-05-18 14:00,7.565943499693605
2025-05-18 15:00,7.135391077973425
2025-05-18 16:00,7.543608813707474
2025-05-18 17:00,4.837956991242439
2025-05-18 18:00,3.5763360512074147
2025-05-18 19:00,2.5192906968114697
2025-05-18 20:00,0.4096319414209326
2025-05-18 21:00,0.9833843497914965
2025-05-18 22:00,0.2108488521643736
2025-05-18 23:00,1.3389373869054013
2025-05-19 00:00,1.4705068950311653
2025-05-19 01:00,0.4239470874267885
2025-05-19 02:00,2.6683523897977075
2025-05-19 03:00,7.886397278496426
2025-05-19 04:00,9.66726178366499
2025-05-19 05:00,13.083161911886513
2025-05-19 06:00,26.660020877419207
2025-05-19 07:00,35.34588807942958
2025-05-19 08:00,45.83156578477006
2025-05-19 09:00,50.65522351100651
2025-05-19 10:00,50.2231575425933
2025-05-19 11:00,51.81060018440738
2025-05-19 12:00,49.8610289168244
2025-05-19 13:00,52.60112968674352
2025-05-19 14:00,53.05402659983419
2025-05-19 15:00,51.03686795107783
2025-05-19 16:00,48.83811205203187
2025-05-19 17:00,46.40209432579249
2025-05-19 18:00,43.2227840162831
2025-05-19 19:00,43.98180115131798
2025-05-19 20:00,42.92298741746422
2025-05-19 21:00,42.61805622843797
2025-05-19 22:00,42.51335594649116
2025-05-19 23:00,40.34683462198295
2025-05-20 00:00,49.89437785651009
2025-05-20 01:00,48.924899189693505
2025-05-20 02:00,46.586669893826695
2025-05-20 03:00,45.393903313292014
2025-05-20 04:00,44.281577842938916
2025-05-20 05:00,44.36900501360093
2025-05-20 06:00,45.63457357256037
2025-05-20 07:00,44.973777573404824
2025-05-20 08:00,43.328401881494756
2025-05-20 09:00,43.11949328487337
2025-05-20 10:00,40.31409433215885
2025-05-20 11:00,43.50866258624255
2025-05-20 12:00,40.56752872588227
2025-05-20 13:00,33.89493581891874
2025-05-20 14:00,35.19616201972117
2025-05-20 15:00,28.630550087945004
2025-05-20 16:00,26.86248818527529
2025-05-20 17:00,21.845922516978234
2025-05-20 18:00,24.599049662737468
2025-05-20 19:00,30.882423704851455
2025-05-20 20:00,25.601078303766208
2025-05-20 21:00,7.9134437559451225
2025-05-20 22:00,31.68373547798999
2025-05-20 23:00,30.16375334502984
2025-05-21 00:00,9.80076121096223
2025-05-21 01:00,6.10793167148078
2025-05-21 02:00,6.260753862752285
2025-05-21 03:00,8.196864662018058
2025-05-21 04:00,10.69889439433498
2025-05-21 05:00,9.10421511840704
2025-05-21 06:00,8.603604360121217
2025-05-21 07:00,8.482904963003648
2025-05-21 08:00,1.3962662276973608
2025-05-21 09:00,0.5450877534548328
2025-05-21 10:00,0.4572222243274069
2025-05-21 11:00,0.3798585532300799
2025-05-21 12:00,0.10913374626703232
2025-05-21 13:00,0.1312830481905798
2025-05-21 14:00,0.13817476147525795
2025-05-21 15:00,0.13546673037198004
2025-05-21 16:00,0.476958521371846
2025-05-21 17:00,0.5497574842347479
2025-05-21 18:00,0.8855029150793277
2025-05-21 19:00,3.5031597791050277
2025-05-21 20:00,3.008783430180751
2025-05-21 21:00,3.5922308209173317
2025-05-21 22:00,3.5244658817036045
2025-05-21 23:00,3.0102918546288517
2025-05-22 00:00,9.468601219454824
2025-05-22 01:00,6.7490414087628245
2025-05-22 02:00,9.453360098177576
2025-05-22 03:00,11.244000080418756
2025-05-22 04:00,10.45719013310756
2025-05-22 05:00,5.923961864817354
2025-05-22 06:00,2.850538632551855
2025-05-22 07:00,4.275357661133443
2025-05-22 08:00,2.969424384228696
2025-05-22 09:00,0.1529848368757938
2025-05-22 10:00,0.47203922776558893
2025-05-22 11:00,0.0887425071326096
2025-05-22 12:00,0.5653826430615545
2025-05-22 13:00,1.9266226582966444
2025-05-22 14:00,1.3229721091018136
2025-05-22 15:00,1.787394466996451
2025-05-22 16:00,4.9903426476766555
2025-05-22 17:00,1.8687481110611213
2025-05-22 18:00,1.9162491939060868
2025-05-22 19:00,2.2031395877751647
2025-05-22 20:00,2.023192245808119
2025-05-22 21:00,2.207341094089137
2025-05-22 22:00,1.345966223560135
2025-05-22 23:00,2.4835108451190395
2025-05-23 00:00,0.10118716506330655
2025-05-23 01:00,0.1202566059788422
2025-05-23 02:00,0.04252064859853158
2025-05-23 03:00,0.0498865222735687
2025-05-23 04:00,0.1738181277283242
2025-05-23 05:00,0.11557274234566396
2025-05-23 06:00,0.04371591443372581
2025-05-23 07:00,0.02389226417325388
2025-05-23 08:00,0.2314647029797445
2025-05-23 09:00,0.0023859807085144374
2025-05-23 10:00,0.03827730132481561
2025-05-23 11:00,0.0
2025-05-23 12:00,0.026695782312412215
2025-05-23 13:00,0.020673753589502956
2025-05-23 14:00,0.12344168059540103
2025-05-23 15:00,0.08338445963351995
2025-05-23 16:00,0.6328952865806605
2025-05-23 17:00,0.5770722612449541
2025-05-23 18:00,0.876050002950018
2025-05-23 19:00,2.2787666900887267
2025-05-23 20:00,0.8845614546514962
2025-05-23 21:00,0.5546303922990299
2025-05-23 22:00,3.4360070835495584
2025-05-23 23:00,0.025493245718024526
2025-05-24 00:00,3.3219370981664618
2025-05-24 01:00,1.2492927658334465
2025-05-24 02:00,2.2009252798725667
2025-05-24 03:00,10.766902140174466
2025-05-24 04:00,3.6920869396650686
2025-05-24 05:00,5.860057230573538
2025-05-24 06:00,2.8696772581333727
2025-05-24 07:00,2.0967670528859608
2025-05-24 08:00,1.3656424642966902
2025-05-24 09:00,3.875926386714541
2025-05-24 10:00,2.138844810718819
2025-05-24 11:00,2.840241146512315
2025-05-24 12:00,5.315643466790526
2025-05-24 13:00,7.412089804386127
2025-05-24 14:00,8.486328477908035
2025-05-24 15:00,9.112725749187522
2025-05-24 16:00,12.239706771790507
2025-05-24 17:00,15.284819590765675
2025-05-24 18:00,11.883992285759067
2025-05-24 19:00,13.645000226185415
2025-05-24 20:00,8.923288285297279
2025-05-24 21:00,6.399683274818227
2025-05-24 22:00,8.656082326965137
2025-05-24 23:00,10.985977496014108
2025-05-25 00:00,15.517972441068355
2025-05-25 01:00,11.64969363323449
2025-05-25 02:00,6.161630501787954
2025-05-25 03:00,7.422232004943199
2025-05-25 04:00,5.6233294624971535
2025-05-25 05:00,6.320828788947838
2025-05-25 06:00,5.326533540359463
2025-05-25 07:00,2.953855870499111
2025-05-25 08:00,3.7196965158797726
2025-05-25 09:00,1.99216179619453
2025-05-25 10:00,3.5956069566605615
2025-05-25 11:00,3.98280582106848
2025-05-25 12:00,3.6449010138703484
2025-05-25 13:00,4.97842992310419
2025-05-25 14:00,2.1841351670276863
2025-05-25 15:00,3.9993075178505975
2025-05-25 16:00,5.929733120033189
2025-05-25 17:00,2.3228152999651592
2025-05-25 18:00,1.1369368510915954
2025-05-25 19:00,0.6426266290412905
2025-05-25 20:00,0.28856040222396817
2025-05-25 21:00,0.028719922292368902
2025-05-25 22:00,0.027540848683271987
2025-05-25 23:00,0.03426724701745795
2025-05-26 00:00,0.010723128245859092
2025-05-26 01:00,0.01872296117804017
2025-05-26 02:00,0.00025845706908190786
2025-05-26 03:00,0.023615978678744293
2025-05-26 04:00,0.011774708507871979
2025-05-26 05:00,0.06544506448221152
2025-05-26 06:00,0.025569098419132318
2025-05-26 07:00,2.1192360667496497
2025-05-26 08:00,3.9812829562895145
2025-05-26 09:00,2.8970817690984942
2025-05-26 10:00,6.727447768503671
2025-05-26 11:00,13.944235411969167
2025-05-26 12:00,5.261342837527709
2025-05-26 13:00,7.3590059227275315
2025-05-26 14:00,3.593671248529005
2025-05-26 15:00,3.1247146534156847
2025-05-26 16:00,1.9677548824607474
2025-05-26 17:00,2.539553253039013
2025-05-26 18:00,3.121829586373405
2025-05-26 19:00,1.51853644038404
2025-05-26 20:00,2.4793437691847067
2025-05-26 21:00,0.4648359796169048
2025-05-26 22:00,0.39939104511988155
2025-05-26 23:00,1.5967231002727627
2025-05-27 00:00,0.07419926728714135
2025-05-27 01:00,0.19129068528547205
2025-05-27 02:00,0.22101924875257448
2025-05-27 03:00,0.028125766857611586
2025-05-27 04:00,0.02733241179908106
2025-05-27 05:00,0.08756011238424966
2025-05-27 06:00,0.007629138786629864
2025-05-27 07:00,0.2600080880202784
2025-05-27 08:00,0.6467597058734135
2025-05-27 09:00,0.2771515478893719
2025-05-27 10:00,0.2027465160489876
2025-05-27 11:00,0.34978590747920846
2025-05-27 12:00,1.031631189469023
2025-05-27 13:00,0.9944439799521181
2025-05-27 14:00,1.3819154281864545
2025-05-27 15:00,1.2738392448775926
2025-05-27 16:00,1.093983951221541
2025-05-27 17:00,1.3171702874651792
2025-05-27 18:00,0.5057689894946309
2025-05-27 19:00,0.28515241112005074
2025-05-27 20:00,0.10922191268268872
2025-05-27 21:00,0.03426127172965265
2025-05-27 22:00,0.035454596329340476
2025-05-27 23:00,0.01551114928215078
2025-05-28 00:00,0.0086660246990996
2025-05-28 01:00,0.009233070577058603
2025-05-28 02:00,0.010723128245859092
2025-05-28 03:00,0.023851517810522548
2025-05-28 04:00,0.06203416938475531
2025-05-28 05:00,0.06951247682727021
2025-05-28 06:00,0.008540935141572404
2025-05-28 07:00,0.11333073835628801
2025-05-28 08:00,0.6045494834636537
2025-05-28 09:00,0.20396453507765305
2025-05-28 10:00,0.20941761797687142
2025-05-28 11:00,4.295496111688633
2025-05-28 12:00,3.922172871594238
2025-05-28 13:00,5.823311573661894
2025-05-28 14:00,7.279867410499402
2025-05-28 15:00,9.168033741997375
2025-05-28 16:00,11.328567394420087
2025-05-28 17:00,10.082251645145536
2025-05-28 18:00,7.77247148168402
2025-05-28 19:00,12.505722964484203
2025-05-28 20:00,15.960235395292901
2025-05-28 21:00,8.236530465732418
2025-05-28 22:00,5.38271016681388
2025-05-28 23:00,5.014575450513986
2025-05-29 00:00,0.0715863779391431
2025-05-29 01:00,0.7518319711151176
2025-05-29 02:00,0.16859046440414982
2025-05-29 03:00,0.21851357440238947
2025-05-29 04:00,0.25300117162912994
2025-05-29 05:00,0.08782781405641922
2025-05-29 06:00,0.015176290222244527
2025-05-29 07:00,0.12631494202695925
2025-05-29 08:00,0.10427198439428362
2025-05-29 09:00,0.3250399217574066
2025-05-29 10:00,0.5873770024416929
2025-05-29 11:00,2.917688411189562
2025-05-29 12:00,6.015805773159697
2025-05-29 13:00,5.806083934411702
2025-05-29 14:00,7.835465454250421
2025-05-29 15:00,9.094978916406482
2025-05-29 16:00,15.766702299769168
2025-05-29 17:00,10.34269403207788
2025-05-29 18:00,13.172879702971727
2025-05-29 19:00,7.788013202348749
2025-05-29 20:00,1.5624100396632383
2025-05-29 21:00,1.4137422944894618
2025-05-29 22:00,0.10923344546267318
2025-05-29 23:00,0.1640614869303734
2025-05-30 00:00,0.8323562174993748
2025-05-30 01:00,0.14830283064591496
2025-05-30 02:00,0.2908986692138682
2025-05-30 03:00,1.0632112297450025
2025-05-30 04:00,0.3029741118447089
2025-05-30 05:00,0.4623116794420068
2025-05-30 06:00,0.2505512953479261
2025-05-30 07:00,1.6284942777753961
2025-05-30 08:00,0.9739702139250224
2025-05-30 09:00,0.15636574001915352
2025-05-30 10:00,1.6313202625287033
2025-05-30 11:00,4.693992683047062
2025-05-30 12:00,5.547984970375003
2025-05-30 13:00,6.748026235678463
2025-05-30 14:00,12.842015705133516
2025-05-30 15:00,8.883826775924794
2025-05-30 16:00,10.22442199756587
2025-05-30 17:00,2.524562262739307
2025-05-30 18:00,1.5659841870377738
2025-05-30 19:00,3.0307607880989735
2025-05-30 20:00,0.8725032513981101
2025-05-30 21:00,0.8915238372932688
2025-05-30 22:00,0.17350757203465483
2025-05-30 23:00,0.5186107578982017
2025-05-31 00:00,0.23111383400107724
2025-05-31 01:00,0.018144163945179065
2025-05-31 02:00,0.0
2025-05-31 03:00,0.053028984498294095
2025-05-31 04:00,0.12388295145004488
2025-05-31 05:00,0.037296871040309036
2025-05-31 06:00,0.09451598362100615
2025-05-31 07:00,0.665264027363442
2025-05-31 08:00,0.12967021343556426
2025-05-31 09:00,0.25380245039148075
2025-05-31 10:00,0.17484048075808725
2025-05-31 11:00,0.8508650043473085
2025-05-31 12:00,2.98760192639568
2025-05-31 13:00,2.4934072050171605
2025-05-31 14:00,1.363162371826696
2025-05-31 15:00,6.492276196399018
2025-05-31 16:00,4.925229466515112
2025-05-31 17:00,2.5332772575194755
2025-05-31 18:00,2.4923465324341803
2025-05-31 19:00,4.463453448700363
2025-05-31 20:00,1.836472504099244
2025-05-31 21:00,0.3223022119704162
2025-05-31 22:00,0.0615316866334774
2025-05-31 23:00,0.20819513877088525
2025-06-01 00:00,0.6830390301544434
2025-06-01 01:00,0.3003339370203397
2025-06-01 02:00,0.022881117660965195
2025-06-01 03:00,0.08477599838666536
2025-06-01 04:00,0.015794748862022197
2025-06-01 05:00,0.21619344310995633
2025-06-01 06:00,0.02245197249276295
2025-06-01 07:00,0.7540608151725602
2025-06-01 08:00,0.6370157331085553
2025-06-01 09:00,0.11527186519994553
2025-06-01 10:00,0.5168530594335115
2025-06-01 11:00,0.09938386807332465
2025-06-01 12:00,0.5005716435877372
2025-06-01 13:00,1.3479495641592465
2025-06-01 14:00,1.3286918819162679
2025-06-01 15:00,1.9251617648046588
2025-06-01 16:00,2.224959820635529
2025-06-01 17:00,1.6898376557274224
2025-06-01 18:00,1.4556838239905066
2025-06-01 19:00,3.5326391327742233
2025-06-01 20:00,1.634068007954582
2025-06-01 21:00,0.6422559175625364
2025-06-01 22:00,0.10012765654988015
2025-06-01 23:00,0.1293249132450177
2025-06-02 00:00,0.06686763320055894
2025-06-02 01:00,1.2123934887244374
2025-06-02 02:00,0.7052421404389669
2025-06-02 03:00,0.1175290050529757
2025-06-02 04:00,0.11530014985136611
2025-06-02 05:00,0.6505897523863501
2025-06-02 06:00,0.023793305691494182
2025-06-02 07:00,0.4443550580783475
2025-06-02 08:00,1.2220763409029984
2025-06-02 09:00,0.03627236170433589
2025-06-02 10:00,0.011191967055719277
2025-06-02 11:00,0.1738115420112317
2025-06-02 12:00,0.1754072197074648
2025-06-02 13:00,0.1227913448212836
2025-06-02 14:00,0.2772291240382252
2025-06-02 15:00,0.8202392265392686
2025-06-02 16:00,1.5061465970601224
2025-06-02 17:00,1.1236175771958805
2025-06-02 18:00,0.931789257935911
2025-06-02 19:00,1.6507044434220375
2025-06-02 20:00,0.655773730314441
2025-06-02 21:00,0.8038926444466354
2025-06-02 22:00,0.7466587959126771
2025-06-02 23:00,0.5668049001635312
2025-06-03 00:00,1.1700010351068575
2025-06-03 01:00,1.7429792209167942
2025-06-03 02:00,1.3099378334268255
2025-06-03 03:00,1.4075039725801397
2025-06-03 04:00,2.1337492296674583
2025-06-03 05:00,1.2069802364431848
2025-06-03 06:00,2.043424762215834
2025-06-03 07:00,5.981784558191494
2025-06-03 08:00,3.4942891906864775
2025-06-03 09:00,9.537380670308039
2025-06-03 10:00,12.214430730523011
2025-06-03 11:00,9.160443318508005
2025-06-03 12:00,15.622343607836228
2025-06-03 13:00,10.5698348932663
2025-06-03 14:00,9.945672314965606
2025-06-03 15:00,10.607397843860834
2025-06-03 16:00,9.35275391405837
2025-06-03 17:00,9.295954483653514
2025-06-03 18:00,12.203849218346924
2025-06-03 19:00,9.523169235253913
2025-06-03 20:00,6.735637837307117
2025-06-03 21:00,4.298890373435338
2025-06-03 22:00,4.670674878478126
2025-06-03 23:00,8.119991643475045
2025-06-04 00:00,10.636796142560037
2025-06-04 01:00,12.04743038939115
2025-06-04 02:00,19.46279703758048
2025-06-04 03:00,18.069452947668644
2025-06-04 04:00,20.388604704400656
2025-06-04 05:00,30.013485036570774
2025-06-04 06:00,28.693238166328925
2025-06-04 07:00,31.959039865695654
2025-06-04 08:00,33.05872497569999
2025-06-04 09:00,16.743334743457165
2025-06-04 10:00,14.268343938834967
2025-06-04 11:00,19.66340983526007
2025-06-04 12:00,17.9469805471098
2025-06-04 13:00,4.3628569304910965
2025-06-04 14:00,7.060427831476235
2025-06-04 15:00,22.8342700372444
2025-06-04 16:00,21.754432715780563
2025-06-04 17:00,20.369509537582566
2025-06-04 18:00,11.654762842901313
2025-06-04 19:00,8.845824278753806
2025-06-04 20:00,9.686964611020667
2025-06-04 21:00,3.8682899814663108
2025-06-04 22:00,2.8025804687053095
2025-06-04 23:00,2.219108760092113
2025-06-05 00:00,0.01817286905763335
2025-06-05 01:00,0.06519196396730473
2025-06-05 02:00,0.17035302793051244
2025-06-05 03:00,0.13747862827824409
2025-06-05 04:00,0.018166513302728393
2025-06-05 05:00,0.07161270159486763
2025-06-05 06:00,0.2750117797243305
2025-06-05 07:00,0.027985912815805716
2025-06-05 08:00,0.8321230421715489
2025-06-05 09:00,0.7766234749231453
2025-06-05 10:00,2.326768235997604
2025-06-05 11:00,3.5253467731848374
2025-06-05 12:00,3.1753533535288097
2025-06-05 13:00,3.9904507556525646
2025-06-05 14:00,6.017044169034368
2025-06-05 15:00,9.4265607242237
2025-06-05 16:00,9.82137122594455
2025-06-05 17:00,11.074428716190713
2025-06-05 18:00,26.222948644578835
2025-06-05 19:00,36.59411929436468
2025-06-05 20:00,37.76267906281765
2025-06-05 21:00,38.87721517244748
2025-06-05 22:00,33.46055142178206
2025-06-05 23:00,33.266334234406024
2025-06-06 00:00,22.823738281735082
2025-06-06 01:00,24.209339496361018
2025-06-06 02:00,23.138454273040225
2025-06-06 03:00,27.220133638458268
2025-06-06 04:00,24.63335281722497
2025-06-06 05:00,24.16570166753759
2025-06-06 06:00,27.93277093332574
2025-06-06 07:00,27.502408003341298
2025-06-06 08:00,33.11988970200795
2025-06-06 09:00,30.72633474827257
2025-06-06 10:00,22.31946835574841
2025-06-06 11:00,21.764931046411046
2025-06-06 12:00,30.488443988484285
2025-06-06 13:00,25.479856802276792
2025-06-06 14:00,20.210831488587807
2025-06-06 15:00,23.99660130395128
2025-06-06 16:00,16.785254985349795
2025-06-06 17:00,10.826974252171054
2025-06-06 18:00,20.852893176057336
2025-06-06 19:00,18.379724620167053
2025-06-06 20:00,10.613250749171517
2025-06-06 21:00,7.1830920137406675
2025-06-06 22:00,3.0175780921547606
2025-06-06 23:00,1.718263912081139
2025-06-07 00:00,21.41136238132568
2025-06-07 01:00,17.091606200619687
2025-06-07 02:00,15.85166833568217
2025-06-07 03:00,13.624520152359095
2025-06-07 04:00,11.515022770663046
2025-06-07 05:00,12.098694919486086
2025-06-07 06:00,18.756871720931073
2025-06-07 07:00,17.047430278930722
2025-06-07 08:00,14.645706195323104
2025-06-07 09:00,14.832407983063664
2025-06-07 10:00,15.444939371433694
2025-06-07 11:00,15.618975001927563
2025-06-07 12:00,15.161843990168574
2025-06-07 13:00,16.896706530538456
2025-06-07 14:00,13.308841077700215
2025-06-07 15:00,8.800631020670199
2025-06-07 16:00,1.234289084867271
2025-06-07 17:00,1.7994996302575725
2025-06-07 18:00,0.9683537968310195
2025-06-07 19:00,1.424668215182812
2025-06-07 20:00,0.1622023502583469
2025-06-07 21:00,0.05571014084280393
2025-06-07 22:00,0.005495875117667193
2025-06-07 23:00,0.055430286645788134
2025-06-08 00:00,0.0
2025-06-08 01:00,0.00854396717649844
2025-06-08 02:00,0.031725419133409455
2025-06-08 03:00,0.06509026596609752
2025-06-08 04:00,0.0072533093945458295
2025-06-08 05:00,0.14975819618891567
2025-06-08 06:00,0.1541655087651018
2025-06-08 07:00,0.0024684130512247016
2025-06-08 08:00,0.0
2025-06-08 09:00,0.0
2025-06-08 10:00,0.012073150145363518
2025-06-08 11:00,0.8542405817665222
2025-06-08 12:00,0.2684548615008579
2025-06-08 13:00,0.8690987105720511
2025-06-08 14:00,2.6621196254014645
2025-06-08 15:00,1.2689213444589105
2025-06-08 16:00,2.4322303283103883
2025-06-08 17:00,1.1595666918817784
2025-06-08 18:00,1.0954667913053608
2025-06-08 19:00,3.702418444190969
2025-06-08 20:00,0.3108864732221017
2025-06-08 21:00,0.03988267512077254
2025-06-08 22:00,0.02126506929879418
2025-06-08 23:00,0.022448782843405832
2025-06-09 00:00,0.026287906668918948
2025-06-09 01:00,0.01224716332690947
2025-06-09 02:00,0.03973883795583278
2025-06-09 03:00,0.29021639356035067
2025-06-09 04:00,0.551069904941868
2025-06-09 05:00,0.1286406186034607
2025-06-09 06:00,1.6190755232777514
2025-06-09 07:00,1.6089481609037302
2025-06-09 08:00,0.6134420004042896
2025-06-09 09:00,0.19266113703819043
2025-06-09 10:00,0.1996123880928362
2025-06-09 11:00,0.32840054916256894
2025-06-09 12:00,0.15284479381696547
2025-06-09 13:00,0.11538749967671055
2025-06-09 14:00,0.3732883082176394
2025-06-09 15:00,1.3797560571415932
2025-06-09 16:00,1.3738534459936282
2025-06-09 17:00,0.8665269071495203
2025-06-09 18:00,1.2052001263836112
2025-06-09 19:00,3.5368099888466102
2025-06-09 20:00,0.6528735721547074
2025-06-09 21:00,0.10479682105487031
2025-06-09 22:00,0.04505868227010399
2025-06-09 23:00,0.023200639834235877
2025-06-10 00:00,1.156132406216233
2025-06-10 01:00,2.272346774117236
2025-06-10 02:00,5.975230099806523
2025-06-10 03:00,7.750285896543906
2025-06-10 04:00,7.245686628417007
2025-06-10 05:00,9.613748518613427
2025-06-10 06:00,2.0216086603585985
2025-06-10 07:00,1.8252384390278757
2025-06-10 08:00,0.455474934333933
2025-06-10 09:00,0.1993483472481124
2025-06-10 10:00,0.3682141390538956
2025-06-10 11:00,0.15773688922488577
2025-06-10 12:00,0.5753296495552302
2025-06-10 13:00,2.2535587204468865
2025-06-10 14:00,1.7149429857247753
2025-06-10 15:00,3.76706826228386
2025-06-10 16:00,8.314284763294074
2025-06-10 17:00,4.039321042768963
2025-06-10 18:00,6.482418108193657
2025-06-10 19:00,2.039841183351741
2025-06-10 20:00,1.4275503213258158
2025-06-10 21:00,1.9043325549015164
2025-06-10 22:00,0.9239837972493501
2025-06-10 23:00,1.3087473533302325
2025-06-11 00:00,0.3406261054927884
2025-06-11 01:00,0.4348022226686309
2025-06-11 02:00,1.132211855715872
2025-06-11 03:00,0.23472702474386525
2025-06-11 04:00,0.660595136204293
2025-06-11 05:00,0.3994780580385553
2025-06-11 06:00,0.5653130101400002
2025-06-11 07:00,0.8875364104908239
2025-06-11 08:00,1.1127515535723838
2025-06-11 09:00,0.8640576134597322
2025-06-11 10:00,3.0989782165615205
2025-06-11 11:00,6.187987612395382
2025-06-11 12:00,6.080002132277134
2025-06-11 13:00,5.9686364926616875
2025-06-11 14:00,11.251330206368474
2025-06-11 15:00,9.095681394832935
2025-06-11 16:00,9.910159711115694
2025-06-11 17:00,9.085335755357097
2025-06-11 18:00,3.234692739663915
2025-06-11 19:00,5.839145972584833
2025-06-11 20:00,3.835135367093014
2025-06-11 21:00,0.23447147442101252
2025-06-11 22:00,0.05099138855735809
2025-06-11 23:00,0.017865860474288536
2025-06-12 00:00,0.0016581701790350234
2025-06-12 01:00,0.32770678373622136
2025-06-12 02:00,0.28107527554050515
2025-06-12 03:00,0.5052724112551632
2025-06-12 04:00,1.5542500918335032
2025-06-12 05:00,1.583441016175338
2025-06-12 06:00,0.13841227234224635
2025-06-12 07:00,0.3686822193430471
2025-06-12 08:00,0.2731179127501081
2025-06-12 09:00,0.9830487677655237
2025-06-12 10:00,0.40418282683020673
2025-06-12 11:00,0.28361951529943663
2025-06-12 12:00,1.9821077332676538
2025-06-12 13:00,0.30997610313940693
2025-06-12 14:00,0.7689606964128901
2025-06-12 15:00,3.5720062023506336
2025-06-12 16:00,2.658148557001059
2025-06-12 17:00,3.2420801730062045
2025-06-12 18:00,3.055439896032804
2025-06-12 19:00,4.430584773476337
2025-06-12 20:00,2.7665614123492253
2025-06-12 21:00,1.555660455957771
2025-06-12 22:00,0.15779611396942628
2025-06-12 23:00,0.02621103099763948
2025-06-13 00:00,0.021336877878065347
2025-06-13 01:00,0.03160506303846966
2025-06-13 02:00,0.002994531899427416
2025-06-13 03:00,0.0030281641166883056
2025-06-13 04:00,0.029036589851142065
2025-06-13 05:00,0.14303266881843532
2025-06-13 06:00,0.32755620396270724
2025-06-13 07:00,0.3123929494935652
2025-06-13 08:00,0.002560026801699069
2025-06-13 09:00,0.05937628861405947
2025-06-13 10:00,0.18815214559164092
2025-06-13 11:00,0.06212187239648631
2025-06-13 12:00,0.011331982835318456
2025-06-13 13:00,0.6412128735871045
2025-06-13 14:00,0.8411126122745294
2025-06-13 15:00,1.219557738873021
2025-06-13 16:00,1.8927489602372232
2025-06-13 17:00,2.642931448795237
2025-06-13 18:00,2.870293699749921
2025-06-13 19:00,4.07173261068559
2025-06-13 20:00,8.1387829142916
2025-06-13 21:00,9.168848604577102
2025-06-13 22:00,10.843012061163016
2025-06-13 23:00,12.52566949271186
2025-06-14 00:00,13.841613414980621
2025-06-14 01:00,16.736013170827178
2025-06-14 02:00,14.37309682031972
2025-06-14 03:00,22.01693785841718
2025-06-14 04:00,26.296727687115677
2025-06-14 05:00,25.450475881960855
2025-06-14 06:00,15.00926896214501
2025-06-14 07:00,27.404590394647666
2025-06-14 08:00,15.960292874212723
2025-06-14 09:00,19.573934188620754
2025-06-14 10:00,27.276350344282346
2025-06-14 11:00,23.170845369198936
2025-06-14 12:00,22.308337617831462
2025-06-14 13:00,18.535534974825175
2025-06-14 14:00,5.4473211084048225
2025-06-14 15:00,6.956780660359956
2025-06-14 16:00,11.153659772339143
2025-06-14 17:00,5.639118251793647
2025-06-14 18:00,4.668079168156944
2025-06-14 19:00,3.959934500836039
2025-06-14 20:00,3.4264229470411482
2025-06-14 21:00,4.475923024289024
2025-06-14 22:00,1.6286526758521083
2025-06-14 23:00,1.9070085862045323
2025-06-15 00:00,3.1955668268954414
2025-06-15 01:00,0.8384916834426839
2025-06-15 02:00,0.07979192531322177
2025-06-15 03:00,0.20421376726800491
2025-06-15 04:00,0.1794163516502279
2025-06-15 05:00,0.180560746785878
2025-06-15 06:00,0.6532786736945241
2025-06-15 07:00,1.4171495890969001
2025-06-15 08:00,2.6168543607920034
2025-06-15 09:00,10.025583203839961
2025-06-15 10:00,6.507102957020088
2025-06-15 11:00,8.414848898281829
2025-06-15 12:00,26.698870470238415
2025-06-15 13:00,25.660779379397525
2025-06-15 14:00,32.39947300884667
2025-06-15 15:00,31.777145095462508
2025-06-15 16:00,39.30042918981122
2025-06-15 17:00,41.8347399445933
2025-06-15 18:00,43.12192140150881
2025-06-15 19:00,45.71731051971464
2025-06-15 20:00,42.217809862219035
2025-06-15 21:00,46.10882628915999
2025-06-15 22:00,41.72328383359835
2025-06-15 23:00,45.16950218965806
2025-06-16 00:00,43.423848734275055
2025-06-16 01:00,40.697930017257235
2025-06-16 02:00,41.8361216186854
2025-06-16 03:00,44.536467921894726
2025-06-16 04:00,38.66721778617807
2025-06-16 05:00,39.704507721642045
2025-06-16 06:00,35.97108484637286
2025-06-16 07:00,40.59405712029853
2025-06-16 08:00,39.42785115247155
2025-06-16 09:00,38.0346923562353
2025-06-16 10:00,40.14493845849844
2025-06-16 11:00,45.539734409635656
2025-06-16 12:00,42.137884454479284
2025-06-16 13:00,43.514463880535516
2025-06-16 14:00,45.431943000052485
2025-06-16 15:00,45.475168697519514
2025-06-16 16:00,46.8748740371896
2025-06-16 17:00,46.30047224983649
2025-06-16 18:00,47.76071845965035
2025-06-16 19:00,45.46880679588283
2025-06-16 20:00,43.970700075382624
2025-06-16 21:00,43.502254547546244
2025-06-16 22:00,36.60112176727023
2025-06-16 23:00,33.72680965712916
2025-06-17 00:00,27.26303652297002
2025-06-17 01:00,33.04282955571054
2025-06-17 02:00,36.420562238149685
2025-06-17 03:00,33.56045624116956
2025-06-17 04:00,37.38988528992611
2025-06-17 05:00,43.52872501795329
2025-06-17 06:00,43.93385839664725
2025-06-17 07:00,46.47383276055643
2025-06-17 08:00,48.592408886269816
2025-06-17 09:00,48.66193087589396
2025-06-17 10:00,43.552247164694045
2025-06-17 11:00,40.632690426127695
2025-06-17 12:00,40.44771831216396
2025-06-17 13:00,36.87521270880539
2025-06-17 14:00,40.637448382217244
2025-06-17 15:00,39.85375757512978
2025-06-17 16:00,35.13648146415348
2025-06-17 17:00,37.70244926095879
2025-06-17 18:00,43.829307568221154
2025-06-17 19:00,41.69721166346834
2025-06-17 20:00,37.00145113797282
2025-06-17 21:00,40.664783044099835
2025-06-17 22:00,29.363386528612722
2025-06-17 23:00,16.670966485341793
2025-06-18 00:00,6.461202484444735
2025-06-18 01:00,10.185710555220256
2025-06-18 02:00,3.1537859128843486
2025-06-18 03:00,2.4516507052299277
2025-06-18 04:00,1.9035308034170955
2025-06-18 05:00,0.21412992742584344
2025-06-18 06:00,0.07992364384553782
2025-06-18 07:00,0.05381404000593794
2025-06-18 08:00,0.01924042632413704
2025-06-18 09:00,0.03071969882167777
2025-06-18 10:00,0.16914177030894695
2025-06-18 11:00,0.20307037603089662
2025-06-18 12:00,0.15467312396679977
2025-06-18 13:00,0.28123630463835303
2025-06-18 14:00,0.37286213321761563
2025-06-18 15:00,0.4845097513917538
2025-06-18 16:00,0.6607747967579537
2025-06-18 17:00,0.3881786335506495
2025-06-18 18:00,0.44328341585716147
2025-06-18 19:00,0.6613035864906072
2025-06-18 20:00,0.2624891597324166
2025-06-18 21:00,0.016801782380384878
2025-06-18 22:00,0.0036040687903311497
2025-06-18 23:00,0.33209935350461495
2025-06-19 00:00,0.11299851501135351
2025-06-19 01:00,0.19380737924926122
2025-06-19 02:00,0.11974956011619359
2025-06-19 03:00,0.12510141323471527
2025-06-19 04:00,0.019409702395076688
2025-06-19 05:00,0.045158469173972364
2025-06-19 06:00,0.03750571099083217
2025-06-19 07:00,0.037714185862194875
2025-06-19 08:00,0.10034403925369074
2025-06-19 09:00,0.16905784566492243
2025-06-19 10:00,0.1415348802979671
2025-06-19 11:00,0.42386690716082914
2025-06-19 12:00,0.6133215379230729
2025-06-19 13:00,2.595270008775331
2025-06-19 14:00,3.1726467288312694
2025-06-19 15:00,3.0951012777528426
2025-06-19 16:00,13.126891780585336
2025-06-19 17:00,19.18785671573667
2025-06-19 18:00,20.634235449259684
2025-06-19 19:00,23.408177052458917
2025-06-19 20:00,23.728658653544002
2025-06-19 21:00,26.233435034590645
2025-06-19 22:00,28.221256559073503
2025-06-19 23:00,26.58657415473155
2025-06-20 00:00,36.870377100748584
2025-06-20 01:00,40.509705922659435
2025-06-20 02:00,41.17273847580373
2025-06-20 03:00,41.7285199611637
2025-06-20 04:00,45.70904487981191
2025-06-20 05:00,45.654780452454844
2025-06-20 06:00,49.60848876535275
2025-06-20 07:00,48.95981225915892
2025-06-20 08:00,49.1595235686692
2025-06-20 09:00,50.997108797783014
2025-06-20 10:00,47.901431740139635
2025-06-20 11:00,51.03236572274686
2025-06-20 12:00,47.782019012702165
2025-06-20 13:00,50.08202638594999
2025-06-20 14:00,52.73356172139558
2025-06-20 15:00,49.36317859122633
2025-06-20 16:00,53.60428518375142
2025-06-20 17:00,53.8451664699042
2025-06-20 18:00,52.870313338680624
2025-06-20 19:00,53.15421796876398
2025-06-20 20:00,53.143219597877156
2025-06-20 21:00,52.90214047090036
2025-06-20 22:00,52.08913589632226
2025-06-20 23:00,52.99085455209976
2025-06-21 00:00,48.05238182677497
2025-06-21 01:00,44.44127855029565
2025-06-21 02:00,44.96714125009552
2025-06-21 03:00,44.07898085107817
2025-06-21 04:00,40.20112347386882
2025-06-21 05:00,40.79432195372052
2025-06-21 06:00,38.68873353458886
2025-06-21 07:00,36.69772708598764
2025-06-21 08:00,36.52682039112761
2025-06-21 09:00,37.463991237874104
2025-06-21 10:00,38.30824493545546
2025-06-21 11:00,38.96134448482364
2025-06-21 12:00,36.61791604565132
2025-06-21 13:00,35.670214898504085
2025-06-21 14:00,40.774269392871446
2025-06-21 15:00,48.094130594574835
2025-06-21 16:00,43.30139701782409
2025-06-21 17:00,21.343448242679642
2025-06-21 18:00,8.018069798845437
2025-06-21 19:00,7.3840896406801875
2025-06-21 20:00,3.4124623180654643
2025-06-21 21:00,3.9764738491105347
2025-06-21 22:00,0.1945297697730524
2025-06-21 23:00,0.7956940221214653
2025-06-22 00:00,0.0118200758197574
2025-06-22 01:00,0.04298692510761219
2025-06-22 02:00,0.5864558923357543
2025-06-22 03:00,0.24385181849672205
2025-06-22 04:00,0.02631455385730773
2025-06-22 05:00,0.011530747227035204
2025-06-22 06:00,0.0017595922181615764
2025-06-22 07:00,0.03202902875144211
2025-06-22 08:00,0.02111046372042
2025-06-22 09:00,0.021944261313541026
2025-06-22 10:00,0.07150828568821965
2025-06-22 11:00,0.17684613947492933
2025-06-22 12:00,0.17756965206894743
2025-06-22 13:00,0.47675439218658955
2025-06-22 14:00,1.5783078244225257
2025-06-22 15:00,1.2115216693786042
2025-06-22 16:00,1.671379296114691
2025-06-22 17:00,0.596528852751044
2025-06-22 18:00,0.4874253666019374
2025-06-22 19:00,0.8169584555977192
2025-06-22 20:00,0.0963272120758612
2025-06-22 21:00,0.03502043858200296
2025-06-22 22:00,0.016067075097528406
2025-06-22 23:00,0.08207755652518585
2025-06-23 00:00,0.015183336863498901
2025-06-23 01:00,0.019654772184369246
2025-06-23 02:00,0.019551359530090046
2025-06-23 03:00,0.01218920358617881
2025-06-23 04:00,0.08460967651472595
2025-06-23 05:00,0.016072274543307785
2025-06-23 06:00,0.000674538602506762
2025-06-23 07:00,0.0
2025-06-23 08:00,0.05858598231694375
2025-06-23 09:00,0.012776728230953832
2025-06-23 10:00,1.013691525149435
2025-06-23 11:00,0.8083090250677547
2025-06-23 12:00,0.7483355734254431
2025-06-23 13:00,0.8241290119324133
2025-06-23 14:00,0.9507243993375586
2025-06-23 15:00,0.3753890387671963
2025-06-23 16:00,1.0574759980826132
2025-06-23 17:00,2.2483552283543506
2025-06-23 18:00,2.0926370558543814
2025-06-23 19:00,1.757667392479305
2025-06-23 20:00,0.16632667893281758
2025-06-23 21:00,0.5984581796848831
2025-06-23 22:00,1.903770954822267
2025-06-23 23:00,0.4241515776622461
2025-06-24 00:00,10.199976840455722
2025-06-24 01:00,1.523841880104756
2025-06-24 02:00,1.0653256251084255
2025-06-24 03:00,0.41211557979465085
2025-06-24 04:00,0.6919271055805284
2025-06-24 05:00,2.350488416075031
2025-06-24 06:00,0.8894170244804942
2025-06-24 07:00,0.39006384434204255
2025-06-24 08:00,0.35639849814285846
2025-06-24 09:00,0.7358453011256505
2025-06-24 10:00,1.7897565779116418
2025-06-24 11:00,0.6717140349956943
2025-06-24 12:00,0.6667512722446636
2025-06-24 13:00,2.5403765765690234
2025-06-24 14:00,0.237909871426989
2025-06-24 15:00,0.42592933976742764
2025-06-24 16:00,0.1422425242016377
2025-06-24 17:00,0.13335949426481783
2025-06-24 18:00,0.2612151043503709
2025-06-24 19:00,0.4188739177041162
2025-06-24 20:00,0.13063514201661874
2025-06-24 21:00,0.08768068452254546
2025-06-24 22:00,0.33177951666561173
2025-06-24 23:00,0.007492324601132802
2025-06-25 00:00,0.008967081991054102
2025-06-25 01:00,0.024700265472478458
2025-06-25 02:00,0.0283418120999903
2025-06-25 03:00,0.0680826186467981
2025-06-25 04:00,1.3783551608694102
2025-06-25 05:00,0.9465120742325834
2025-06-25 06:00,0.6313066989758256
2025-06-25 07:00,3.5544326028916737
2025-06-25 08:00,3.3729687768986274
2025-06-25 09:00,4.847758846663509
2025-06-25 10:00,3.6027448679253693
2025-06-25 11:00,8.989431435439045
2025-06-25 12:00,13.32900718908709
2025-06-25 13:00,14.077703360295498
2025-06-25 14:00,15.242661923624894
2025-06-25 15:00,21.46023013582268
2025-06-25 16:00,20.618205079204248
2025-06-25 17:00,21.670846217685835
2025-06-25 18:00,20.592451194991284
2025-06-25 19:00,21.04754331537268
2025-06-25 20:00,16.46686550514761
2025-06-25 21:00,16.49431272352693
2025-06-25 22:00,6.095396192791471
2025-06-25 23:00,8.863523114128217
2025-06-26 00:00,1.7518440654524665
2025-06-26 01:00,2.592260996830687
2025-06-26 02:00,2.0231101164850855
2025-06-26 03:00,0.31137043932735503
2025-06-26 04:00,1.244304418057906
2025-06-26 05:00,0.3458692151372635
2025-06-26 06:00,0.2532377396929697
2025-06-26 07:00,0.17945907463818186
2025-06-26 08:00,0.10266870756447866
2025-06-26 09:00,0.14037900146119875
2025-06-26 10:00,0.28097410520973837
2025-06-26 11:00,0.26665350531409804
2025-06-26 12:00,0.43069128964192216
2025-06-26 13:00,0.2612806836536378
2025-06-26 14:00,0.36468154123667756
2025-06-26 15:00,0.4347109169601358
2025-06-26 16:00,0.5364516648570323
2025-06-26 17:00,0.3635555886801933
2025-06-26 18:00,0.3998074684091668
2025-06-26 19:00,0.7570598235568008
2025-06-26 20:00,0.26105128678543577
2025-06-26 21:00,0.03285391377357766
2025-06-26 22:00,0.02093400773071863
2025-06-26 23:00,0.023808678904632986
2025-06-27 00:00,0.05613904520733477
2025-06-27 01:00,0.007234288994112576
2025-06-27 02:00,0.007462688961678258
2025-06-27 03:00,0.055829761119102074
2025-06-27 04:00,0.014148989096905651
2025-06-27 05:00,0.0
2025-06-27 06:00,0.04145254662791041
2025-06-27 07:00,0.09359559954505928
2025-06-27 08:00,0.07496602458793615
2025-06-27 09:00,0.10848130275423538
2025-06-27 10:00,0.08427328129140582
2025-06-27 11:00,0.24171906470292898
2025-06-27 12:00,0.1853730181078151
2025-06-27 13:00,0.2720357392834262
2025-06-27 14:00,0.28357060124721467
2025-06-27 15:00,0.5095773671857872
2025-06-27 16:00,0.9049917570846953
2025-06-27 17:00,0.524864194022006
2025-06-27 18:00,0.3150890919375505
2025-06-27 19:00,1.023873060416277
2025-06-27 20:00,0.4387072217446204
2025-06-27 21:00,0.2722779522159162
2025-06-27 22:00,0.03873976052316194
2025-06-27 23:00,0.0556358015949433
2025-06-28 00:00,1.8184640184952436
2025-06-28 01:00,2.660280731986044
2025-06-28 02:00,3.100344053207608
2025-06-28 03:00,2.3657406222893047
2025-06-28 04:00,2.4528680788143875
2025-06-28 05:00,1.59046072109235
2025-06-28 06:00,3.287020957158169
2025-06-28 07:00,4.143769036099773
2025-06-28 08:00,4.313448811485619
2025-06-28 09:00,11.656093659676394
2025-06-28 10:00,10.83592879495637
2025-06-28 11:00,14.582576878066531
2025-06-28 12:00,10.516196851302954
2025-06-28 13:00,11.272920798578916
2025-06-28 14:00,13.468042802116173
2025-06-28 15:00,17.337923685969308
2025-06-28 16:00,13.287162107345583
2025-06-28 17:00,15.513569361593717
2025-06-28 18:00,17.918223572068918
2025-06-28 19:00,21.74240285434835
2025-06-28 20:00,10.279394137020585
2025-06-28 21:00,18.894543592890994
2025-06-28 22:00,12.59423871542194
2025-06-28 23:00,3.3103928761097863
2025-06-29 00:00,4.537866104941717
2025-06-29 01:00,3.0163075752104165
2025-06-29 02:00,2.3612891057961107
2025-06-29 03:00,4.2476556588428185
2025-06-29 04:00,2.528339456589895
2025-06-29 05:00,0.9728859930798979
2025-06-29 06:00,1.2008818462521496
2025-06-29 07:00,2.955750985902915
2025-06-29 08:00,5.189115470136505
2025-06-29 09:00,4.21086551474712
2025-06-29 10:00,6.83195598649797
2025-06-29 11:00,14.437005666813691
2025-06-29 12:00,12.168418220243089
2025-06-29 13:00,1.6824791878851908
2025-06-29 14:00,18.145298455997967
2025-06-29 15:00,19.93318730258536
2025-06-29 16:00,22.44617088602078
2025-06-29 17:00,21.267398122626958
2025-06-29 18:00,21.066151088488567
2025-06-29 19:00,13.903856460264304
2025-06-29 20:00,7.464067791928823
2025-06-29 21:00,6.2821232283885315
2025-06-29 22:00,4.285327526516728
2025-06-29 23:00,5.015132438374389
2025-06-30 00:00,0.10068123423660777
2025-06-30 01:00,0.07911600383886583
2025-06-30 02:00,0.0
2025-06-30 03:00,0.019268607808984095
2025-06-30 04:00,0.036913399027919486
2025-06-30 05:00,0.09630665600147471
2025-06-30 06:00,0.03102932413245462
2025-06-30 07:00,0.1545029039522619
2025-06-30 08:00,0.07843204647418188
2025-06-30 09:00,0.19329701450475673
2025-06-30 10:00,1.6420392266724906
2025-06-30 11:00,1.269743005846725
2025-06-30 12:00,0.21753746609589786
2025-06-30 13:00,7.70793044475796
2025-06-30 14:00,4.08475305490817
2025-06-30 15:00,1.235578322708581
2025-06-30 16:00,6.401211033915349
2025-06-30 17:00,1.978600259391744
2025-06-30 18:00,2.4424670498516594
2025-06-30 19:00,1.3432963197045606
2025-06-30 20:00,0.42685455338746253
2025-06-30 21:00,0.0
2025-06-30 22:00,0.1925121837694992
2025-06-30 23:00,0.4895412781846718
2025-07-01 00:00,0.0
2025-07-01 01:00,0.025675665265888013
2025-07-01 02:00,0.07349542957471811
2025-07-01 03:00,0.04663941221808629
2025-07-01 04:00,0.10730922242804963
2025-07-01 05:00,0.3021740978148657
2025-07-01 06:00,0.15427649271298727
2025-07-01 07:00,0.7668410200806439
2025-07-01 08:00,0.30297130761167435
2025-07-01 09:00,0.4431464449454395
2025-07-01 10:00,3.4509864640730186
2025-07-01 11:00,1.952298931615303
2025-07-01 12:00,1.3781186435110069
2025-07-01 13:00,4.437543854512092
2025-07-01 14:00,1.724076906533561
2025-07-01 15:00,2.626338956961051
2025-07-01 16:00,1.575387965768039
2025-07-01 17:00,1.414992106622667
2025-07-01 18:00,0.8635108707505451
2025-07-01 19:00,1.4891531214766442
2025-07-01 20:00,0.30401552386700226
2025-07-01 21:00,0.2273350566570959
2025-07-01 22:00,0.2962545866285633
2025-07-01 23:00,0.4178617014584789
2025-07-02 00:00,2.050577243508073
2025-07-02 01:00,1.7789374693489663
2025-07-02 02:00,2.112017340875596
2025-07-02 03:00,1.631802315225368
2025-07-02 04:00,3.340936228280163
2025-07-02 05:00,4.129918957814371
2025-07-02 06:00,5.2982573813720695
2025-07-02 07:00,6.579945658980389
2025-07-02 08:00,9.13765861025946
2025-07-02 09:00,13.714488972093433
2025-07-02 10:00,8.413812038161078
2025-07-02 11:00,6.306844702231015
2025-07-02 12:00,5.959417810084467
2025-07-02 13:00,7.519221096858488
2025-07-02 14:00,3.0467141340053274
2025-07-02 15:00,3.3993299710022447
2025-07-02 16:00,2.763388458585923
2025-07-02 17:00,2.0849487617903817
2025-07-02 18:00,4.99932426095751
2025-07-02 19:00,2.572787409979104
2025-07-02 20:00,5.0405583255485045
2025-07-02 21:00,0.4664041773256119
2025-07-02 22:00,1.2687270469983747
2025-07-02 23:00,1.186932080672034
2025-07-03 00:00,0.27138218994333774
2025-07-03 01:00,1.2731323521895166
2025-07-03 02:00,1.0547222240973122
2025-07-03 03:00,0.997173069590727
2025-07-03 04:00,4.374602001246266
2025-07-03 05:00,4.009383743656449
2025-07-03 06:00,5.065159472580802
2025-07-03 07:00,11.689405566757795
2025-07-03 08:00,10.167168652486982
2025-07-03 09:00,6.635309065567208
2025-07-03 10:00,9.275126146217392
2025-07-03 11:00,8.290063645948605
2025-07-03 12:00,7.229719585619552
2025-07-03 13:00,6.163517712657436
2025-07-03 14:00,5.551953510771837
2025-07-03 15:00,14.167346686467262
2025-07-03 16:00,12.822844303613593
2025-07-03 17:00,13.759174184277667
2025-07-03 18:00,15.222198962522548
2025-07-03 19:00,17.22821298477368
2025-07-03 20:00,13.666197959709507
2025-07-03 21:00,13.161875308921752
2025-07-03 22:00,6.475315184776135
2025-07-03 23:00,6.2240339820798045
2025-07-04 00:00,16.500774077267423
2025-07-04 01:00,24.393949144864255
2025-07-04 02:00,30.82445972999614
2025-07-04 03:00,30.650029299404256
2025-07-04 04:00,33.47717039239065
2025-07-04 05:00,39.70840513307992
2025-07-04 06:00,38.82226012626323
2025-07-04 07:00,34.601682441556946
2025-07-04 08:00,36.08393672438257
2025-07-04 09:00,35.77508308357406
2025-07-04 10:00,33.603889407093476
2025-07-04 11:00,34.08363908853316
2025-07-04 12:00,33.147596290186016
2025-07-04 13:00,30.401326351592473
2025-07-04 14:00,29.84895520736898
2025-07-04 15:00,31.303823632315353
2025-07-04 16:00,33.457935418300664
2025-07-04 17:00,31.973813334246863
2025-07-04 18:00,34.98513010249259
2025-07-04 19:00,29.26544679455222
2025-07-04 20:00,31.624160851647886
2025-07-04 21:00,25.001945799961607
2025-07-04 22:00,22.764995446852847
2025-07-04 23:00,20.89579962978868
2025-07-05 00:00,13.02463554323294
2025-07-05 01:00,15.558947278709127
2025-07-05 02:00,15.25549082960448
2025-07-05 03:00,18.14322875776817
2025-07-05 04:00,19.338550980934606
2025-07-05 05:00,23.685152281395744
2025-07-05 06:00,25.620425585618847
2025-07-05 07:00,33.00166573501609
2025-07-05 08:00,28.582534291639572
2025-07-05 09:00,23.36141528689288
2025-07-05 10:00,29.47136173534564
2025-07-05 11:00,30.924709625116513
2025-07-05 12:00,27.90803117731383
2025-07-05 13:00,25.39197911108411
2025-07-05 14:00,29.283505492498946
2025-07-05 15:00,27.77326588691429
2025-07-05 16:00,21.06767835506232
2025-07-05 17:00,20.135270977542458
2025-07-05 18:00,26.8020771165195
2025-07-05 19:00,24.664746626942758
2025-07-05 20:00,23.071778345731694
2025-07-05 21:00,20.469876140854097
2025-07-05 22:00,11.325011370383546
2025-07-05 23:00,17.511949121553904
2025-07-06 00:00,11.746917031479402
2025-07-06 01:00,10.822277449270354
2025-07-06 02:00,16.303707629811434
2025-07-06 03:00,18.99443660821548
2025-07-06 04:00,17.466687421174555
2025-07-06 05:00,14.31616334673572
2025-07-06 06:00,10.833475569957024
2025-07-06 07:00,13.88462485671156
2025-07-06 08:00,7.844296341923753
2025-07-06 09:00,5.425191599158362
2025-07-06 10:00,9.441073405365188
2025-07-06 11:00,4.190936113790497
2025-07-06 12:00,2.377647355836056
2025-07-06 13:00,3.1389243372177495
2025-07-06 14:00,11.791286988270496
2025-07-06 15:00,8.14539397423192
2025-07-06 16:00,4.9759368167382165
2025-07-06 17:00,10.838132835247876
2025-07-06 18:00,11.895859997555954
2025-07-06 19:00,12.777271134410526
2025-07-06 20:00,20.126180570043413
2025-07-06 21:00,23.94250698945732
2025-07-06 22:00,17.005518420473837
2025-07-06 23:00,25.552346960790857
2025-07-07 00:00,8.244770941646262
2025-07-07 01:00,2.2886970805766813
2025-07-07 02:00,1.9350026612308373
2025-07-07 03:00,5.808953664399565
2025-07-07 04:00,0.7981279984667652
2025-07-07 05:00,0.2505855193557025
2025-07-07 06:00,0.0842224520123187
2025-07-07 07:00,0.09231124093657134
2025-07-07 08:00,0.14129026004860037
2025-07-07 09:00,0.0
2025-07-07 10:00,0.0
2025-07-07 11:00,0.004841762703885585
2025-07-07 12:00,0.044091866896623866
2025-07-07 13:00,0.11309070062058897
2025-07-07 14:00,0.5321279305317612
2025-07-07 15:00,0.6556316364785433
2025-07-07 16:00,0.9733342078726177
2025-07-07 17:00,0.6102459996066327
2025-07-07 18:00,1.2339945589801442
2025-07-07 19:00,0.48483808019459756
2025-07-07 20:00,0.9563390694750211
2025-07-07 21:00,1.4281862139183141
2025-07-07 22:00,0.020286136410810618
2025-07-07 23:00,0.019292033623008492
2025-07-08 00:00,0.6039475815191911
2025-07-08 01:00,0.5809963456342067
2025-07-08 02:00,0.5863251052055598
2025-07-08 03:00,1.8770370825896054
2025-07-08 04:00,0.167119232431696
2025-07-08 05:00,0.1884341497136291
2025-07-08 06:00,0.21389249281748818
2025-07-08 07:00,0.0
2025-07-08 08:00,0.0
2025-07-08 09:00,0.0
2025-07-08 10:00,0.03786311457049603
2025-07-08 11:00,0.2004264835400649
2025-07-08 12:00,0.29718752295474987
2025-07-08 13:00,0.028939893570150605
2025-07-08 14:00,0.6442613286304122
2025-07-08 15:00,6.187019747900479
2025-07-08 16:00,2.2904061545031476
2025-07-08 17:00,2.926784341839472
2025-07-08 18:00,7.272091474843014
2025-07-08 19:00,4.248713956969994
2025-07-08 20:00,1.2886604931673904
2025-07-08 21:00,5.694422175265048
2025-07-08 22:00,6.170154206474264
2025-07-08 23:00,2.4363382675107257
2025-07-09 00:00,0.15169894328688638
2025-07-09 01:00,0.1775003793077525
2025-07-09 02:00,0.14550602882080665
2025-07-09 03:00,0.1124766797023832
2025-07-09 04:00,0.26812935876399685
2025-07-09 05:00,0.3345238993600538
2025-07-09 06:00,0.2518178302331079
2025-07-09 07:00,0.21170569425527688
2025-07-09 08:00,0.14914758682046486
2025-07-09 09:00,0.5234022641298155
2025-07-09 10:00,0.23275610529206525
2025-07-09 11:00,0.28577224294496345
2025-07-09 12:00,0.19543648315625076
2025-07-09 13:00,0.06000840165231291
2025-07-09 14:00,0.31576458057995405
2025-07-09 15:00,4.105221333713547
2025-07-09 16:00,3.088728696176631
2025-07-09 17:00,1.5444748359598113
2025-07-09 18:00,2.3758265369917866
2025-07-09 19:00,1.1118457072233159
2025-07-09 20:00,1.0546027194791363
2025-07-09 21:00,0.46366871022984246
2025-07-09 22:00,0.31156497319892174
2025-07-09 23:00,1.0360795705169632
2025-07-10 00:00,0.0
2025-07-10 01:00,0.17198471442509025
2025-07-10 02:00,0.09320224691354861
2025-07-10 03:00,0.06539675517352539
2025-07-10 04:00,0.22087735105013445
2025-07-10 05:00,0.9773644135877253
2025-07-10 06:00,2.4236370296796093
2025-07-10 07:00,1.9159275217159335
2025-07-10 08:00,2.376025727713407
2025-07-10 09:00,4.512962391370735
2025-07-10 10:00,0.9347614746948879
2025-07-10 11:00,2.6462284959636713
2025-07-10 12:00,6.095648145297099
2025-07-10 13:00,2.5478637245762124
2025-07-10 14:00,3.3061809982135397
2025-07-10 15:00,10.245135576748824
2025-07-10 16:00,9.113312490826239
2025-07-10 17:00,13.786442915379679
2025-07-10 18:00,15.049441133531065
2025-07-10 19:00,17.15893607709584
2025-07-10 20:00,12.282347883794305
2025-07-10 21:00,11.23626683189748
2025-07-10 22:00,11.573537963173719
2025-07-10 23:00,8.466703131789192
2025-07-11 00:00,7.388704799394938
2025-07-11 01:00,7.904998126468502
2025-07-11 02:00,6.786043400455915
2025-07-11 03:00,4.460071958656407
2025-07-11 04:00,7.616695880712573
2025-07-11 05:00,7.17758116220849
2025-07-11 06:00,8.530882648192836
2025-07-11 07:00,7.048656503591837
2025-07-11 08:00,8.709162636580526
2025-07-11 09:00,6.536825248969995
2025-07-11 10:00,2.2691961193574066
2025-07-11 11:00,3.6032855387176803
2025-07-11 12:00,6.688794002508089
2025-07-11 13:00,4.524393192148099
2025-07-11 14:00,2.9134775700160134
2025-07-11 15:00,10.15845323432384
2025-07-11 16:00,7.253611758368525
2025-07-11 17:00,7.729127085994303
2025-07-11 18:00,11.74278100490746
2025-07-11 19:00,11.98159203139699
2025-07-11 20:00,11.642568953579431
2025-07-11 21:00,13.487222952137227
2025-07-11 22:00,12.547794943630539
2025-07-11 23:00,9.589148889617812
2025-07-12 00:00,1.7185892840745667
2025-07-12 01:00,1.4406079850797116
2025-07-12 02:00,0.6262164587939305
2025-07-12 03:00,2.3755904471988956
2025-07-12 04:00,2.1921243875055136
2025-07-12 05:00,1.6148541061803074
2025-07-12 06:00,1.9493978343975462
2025-07-12 07:00,0.5872410510604207
2025-07-12 08:00,0.3355556518612727
2025-07-12 09:00,0.39186150886997356
2025-07-12 10:00,0.15819162358003652
2025-07-12 11:00,0.8317099309357252
2025-07-12 12:00,0.1302067010709466
2025-07-12 13:00,1.1629062481362369
2025-07-12 14:00,0.7592558816800514
2025-07-12 15:00,0.8244223452706473
2025-07-12 16:00,4.678742208764516
2025-07-12 17:00,1.3269924978952612
2025-07-12 18:00,1.0348435168438317
2025-07-12 19:00,1.8896734041235212
2025-07-12 20:00,0.14057397200048888
2025-07-12 21:00,0.656167722945818
2025-07-12 22:00,0.06577127213118766
2025-07-12 23:00,0.036066775615589075
2025-07-13 00:00,0.19261717839821077
2025-07-13 01:00,0.1379147891406944
2025-07-13 02:00,0.10169548382986884
2025-07-13 03:00,0.09421110407872435
2025-07-13 04:00,0.07939118494220337
2025-07-13 05:00,0.01783434098589124
2025-07-13 06:00,0.06158604143474833
2025-07-13 07:00,0.1444209618036212
2025-07-13 08:00,0.0013731295683439837
2025-07-13 09:00,0.01969722402397453
2025-07-13 10:00,0.043860665511471414
2025-07-13 11:00,0.04965790696637255
2025-07-13 12:00,0.034460101483302745
2025-07-13 13:00,0.1404227592246653
2025-07-13 14:00,0.15760680000174937
2025-07-13 15:00,0.06448331127951859
2025-07-13 16:00,0.051967898684457885
2025-07-13 17:00,0.07622229606481865
2025-07-13 18:00,0.06254966049488944
2025-07-13 19:00,0.28613243862528814
2025-07-13 20:00,0.15183350456854836
2025-07-13 21:00,0.1340646297668177
2025-07-13 22:00,0.3604036193478155
2025-07-13 23:00,1.525691843438064
2025-07-14 00:00,0.45220173123305274
2025-07-14 01:00,0.4186178857653104
2025-07-14 02:00,0.8216530104185207
2025-07-14 03:00,0.9772781783058802
2025-07-14 04:00,1.1834873224596403
2025-07-14 05:00,2.3231694526155033
2025-07-14 06:00,1.4571405813312541
2025-07-14 07:00,1.3530992769021135
2025-07-14 08:00,1.2837264817629104
2025-07-14 09:00,0.638410338348128
2025-07-14 10:00,0.7173574631075943
2025-07-14 11:00,0.5261407058247554
2025-07-14 12:00,1.725807019922892
2025-07-14 13:00,1.6939090376443744
2025-07-14 14:00,2.433877251035736
2025-07-14 15:00,2.30224880034463
2025-07-14 16:00,3.5855624545106974
2025-07-14 17:00,23.234099013598474
2025-07-14 18:00,4.341805243456478
2025-07-14 19:00,9.220768815062225
2025-07-14 20:00,5.8848257404636835
2025-07-14 21:00,1.0038272214665045
2025-07-14 22:00,10.899802753643078
2025-07-14 23:00,4.570226241075338
2025-07-15 00:00,2.2623971670685337
2025-07-15 01:00,5.502269508758671
2025-07-15 02:00,2.2280197635014782
2025-07-15 03:00,4.378072473555049
2025-07-15 04:00,7.525119645692412
2025-07-15 05:00,5.935196965422206
2025-07-15 06:00,5.543884187971608
2025-07-15 07:00,20.73435545983846
2025-07-15 08:00,15.174506930801467
2025-07-15 09:00,15.25179385081493
2025-07-15 10:00,12.636155356237126
2025-07-15 11:00,12.433151190122175
2025-07-15 12:00,20.14083559408271
2025-07-15 13:00,18.543515774190013
2025-07-15 14:00,17.687868801254712
2025-07-15 15:00,9.608001875355274
2025-07-15 16:00,17.796456440778144
2025-07-15 17:00,15.161649718369468
2025-07-15 18:00,16.945188588640114
2025-07-15 19:00,11.282381196974825
2025-07-15 20:00,19.824575776852242
2025-07-15 21:00,20.103600447658618
2025-07-15 22:00,19.20742649304976
2025-07-15 23:00,18.220749031913925
2025-07-16 00:00,21.272370758593695
2025-07-16 01:00,18.991313594796985
2025-07-16 02:00,18.64849582062036
2025-07-16 03:00,25.61382317920959
2025-07-16 04:00,13.157552711609613
2025-07-16 05:00,16.103647609835637
2025-07-16 06:00,22.550186223743125
2025-07-16 07:00,12.886928573383853
2025-07-16 08:00,23.75727445482844
2025-07-16 09:00,21.202092698146195
2025-07-16 10:00,26.38711332191486
2025-07-16 11:00,24.24926255493119
2025-07-16 12:00,24.26327107972877
2025-07-16 13:00,23.10916319375508
2025-07-16 14:00,26.26776766281158
2025-07-16 15:00,36.75794699166728
2025-07-16 16:00,29.689488998402393
2025-07-16 17:00,39.05471804551337
2025-07-16 18:00,41.721243120011
2025-07-16 19:00,47.34806334531223
2025-07-16 20:00,45.16637278346589
2025-07-16 21:00,46.7302552715814
2025-07-16 22:00,47.229270118234766
2025-07-16 23:00,47.123132162954334
2025-07-17 00:00,44.35940484071013
2025-07-17 01:00,44.146652325894706
2025-07-17 02:00,42.024798953220824
2025-07-17 03:00,43.1476778135637
2025-07-17 04:00,43.89989200461966
2025-07-17 05:00,43.686750945082856
2025-07-17 06:00,44.26833153443762
2025-07-17 07:00,42.96779224350357
2025-07-17 08:00,39.874188808293205
2025-07-17 09:00,42.23573203913135
2025-07-17 10:00,34.991737268982874
2025-07-17 11:00,31.263007160032913
2025-07-17 12:00,35.73914605332549
2025-07-17 13:00,32.709339779269584
2025-07-17 14:00,32.993407587675975
2025-07-17 15:00,26.173448697249
2025-07-17 16:00,34.525084661193254
2025-07-17 17:00,36.32332289696912
2025-07-17 18:00,37.21049441149006
2025-07-17 19:00,39.0434242204085
2025-07-17 20:00,41.020539284158275
2025-07-17 21:00,45.08790788041617
2025-07-17 22:00,45.218794462697495
2025-07-17 23:00,43.96804513072174
2025-07-18 00:00,41.352333321178364
2025-07-18 01:00,36.94078894556961
2025-07-18 02:00,36.50837731819264
2025-07-18 03:00,36.84765599570491
2025-07-18 04:00,35.981673531482954
2025-07-18 05:00,31.369321080526777
2025-07-18 06:00,31.057700096310032
2025-07-18 07:00,36.92707061226153
2025-07-18 08:00,34.850037406869895
2025-07-18 09:00,20.977314632610714
2025-07-18 10:00,18.380217801767543
2025-07-18 11:00,8.530639852103345
2025-07-18 12:00,5.54746183282855
2025-07-18 13:00,6.499062030444769
2025-07-18 14:00,2.143146472561474
2025-07-18 15:00,2.1516764216631326
2025-07-18 16:00,0.9260871454838346
2025-07-18 17:00,1.5402737771649875
2025-07-18 18:00,1.0595324191219864
2025-07-18 19:00,0.56288533583045
2025-07-18 20:00,1.9542351337867965
2025-07-18 21:00,2.927562633175948
2025-07-18 22:00,2.3675677769335537
2025-07-18 23:00,1.3765433239966334
2025-07-19 00:00,32.14998301251474
2025-07-19 01:00,23.606491974929078
2025-07-19 02:00,36.51214763497494
2025-07-19 03:00,32.98761826166508
2025-07-19 04:00,41.859265910708324
2025-07-19 05:00,34.85229784483337
2025-07-19 06:00,37.15974251833339
2025-07-19 07:00,38.87660835479265
2025-07-19 08:00,25.971157008250543
2025-07-19 09:00,36.597280448439506
2025-07-19 10:00,29.308442430342502
2025-07-19 11:00,28.61606513423449
2025-07-19 12:00,32.046971782962466
2025-07-19 13:00,34.60070796697418
2025-07-19 14:00,34.832720073515134
2025-07-19 15:00,29.754618857000892
2025-07-19 16:00,34.95279955627228
2025-07-19 17:00,30.074987313368496
2025-07-19 18:00,31.074828046915265
2025-07-19 19:00,32.61392643711986
2025-07-19 20:00,35.135684220661545
2025-07-19 21:00,32.53049473543239
2025-07-19 22:00,32.19293263132056
2025-07-19 23:00,30.687158989305317
2025-07-20 00:00,13.295569996570737
2025-07-20 01:00,15.079401881210595
2025-07-20 02:00,6.679946314033082
2025-07-20 03:00,10.831179389521267
2025-07-20 04:00,19.83152409728556
2025-07-20 05:00,15.623854826311538
2025-07-20 06:00,25.373129669051977
2025-07-20 07:00,25.326367554637123
2025-07-20 08:00,16.279137885184
2025-07-20 09:00,21.02507025768844
2025-07-20 10:00,12.400925400427376
2025-07-20 11:00,8.030044475041592
2025-07-20 12:00,5.800379070317106
2025-07-20 13:00,7.868136577397641
2025-07-20 14:00,1.9397409615603838
2025-07-20 15:00,3.3878143962022893
2025-07-20 16:00,7.346606821393092
2025-07-20 17:00,6.424597287089849
2025-07-20 18:00,6.094854520314321
2025-07-20 19:00,11.674047986486869
2025-07-20 20:00,14.802157075650797
2025-07-20 21:00,2.8176780812552167
2025-07-20 22:00,2.533285759152506
2025-07-20 23:00,9.799408854720658
2025-07-21 00:00,7.7485045536004264
2025-07-21 01:00,8.993427816068035
2025-07-21 02:00,6.451247055165247
2025-07-21 03:00,5.906254749966649
2025-07-21 04:00,3.45034068502365
2025-07-21 05:00,6.198599334933681
2025-07-21 06:00,6.722756642582201
2025-07-21 07:00,7.951726628104252
2025-07-21 08:00,13.524787282331037
2025-07-21 09:00,9.49225451217395
2025-07-21 10:00,2.5328126481294437
2025-07-21 11:00,3.6670525278471553
2025-07-21 12:00,1.5634025292366913
2025-07-21 13:00,0.25281112783855875
2025-07-21 14:00,0.16577944762654553
2025-07-21 15:00,0.1433273374328519
2025-07-21 16:00,0.2952466432635078
2025-07-21 17:00,0.7165914127177064
2025-07-21 18:00,0.7031096024209502
2025-07-21 19:00,0.28287762652154447
2025-07-21 20:00,0.15856224167273186
2025-07-21 21:00,0.11538398849361331
2025-07-21 22:00,0.0311700065450648
2025-07-21 23:00,0.10105088216130104
2025-07-22 00:00,0.007308253081034222
2025-07-22 01:00,0.03700341333670945
2025-07-22 02:00,0.05188440798000284
2025-07-22 03:00,0.07970181071948318
2025-07-22 04:00,0.02075182305029405
2025-07-22 05:00,0.1534700346330181
2025-07-22 06:00,0.10788361332573196
2025-07-22 07:00,0.0773189348800381
2025-07-22 08:00,0.725089597414786
2025-07-22 09:00,0.16664082296378546
2025-07-22 10:00,0.05341438984016811
2025-07-22 11:00,3.8327792963208087
2025-07-22 12:00,0.18577477765939865
2025-07-22 13:00,0.3970543051397899
2025-07-22 14:00,1.0532599841282995
2025-07-22 15:00,1.568912811467892
2025-07-22 16:00,0.6894409022708586
2025-07-22 17:00,0.34967717643563445
2025-07-22 18:00,0.8633655037651955
2025-07-22 19:00,0.6182272889162981
2025-07-22 20:00,0.03389094453416408
2025-07-22 21:00,0.1356710064311974
2025-07-22 22:00,0.01690918793190046
2025-07-22 23:00,0.029677832300955442
2025-07-23 00:00,0.001550520183369054
2025-07-23 01:00,0.005449982227291282
2025-07-23 02:00,0.0328690721468207
2025-07-23 03:00,0.011169195204987289
2025-07-23 04:00,0.00240980261384708
2025-07-23 05:00,0.0
2025-07-23 06:00,0.003389428403901742
2025-07-23 07:00,0.015046414220024269
2025-07-23 08:00,0.0
2025-07-23 09:00,0.0
2025-07-23 10:00,0.3687326533110779
2025-07-23 11:00,0.7506605192648403
2025-07-23 12:00,0.22601054230971107
2025-07-23 13:00,0.3000078469143954
2025-07-23 14:00,1.9100709936517533
2025-07-23 15:00,1.9941718324122553
2025-07-23 16:00,2.4164150203410433
2025-07-23 17:00,1.75401907080927
2025-07-23 18:00,1.728109600047075
2025-07-23 19:00,1.0557374980728529
2025-07-23 20:00,0.5408557460728779
2025-07-23 21:00,0.1133989722213439
2025-07-23 22:00,1.2099771827790224
2025-07-23 23:00,1.1222478775167115
2025-07-24 00:00,0.0009113412900011962
2025-07-24 01:00,0.0
2025-07-24 02:00,0.06219341412560811
2025-07-24 03:00,0.023068886451491216
2025-07-24 04:00,0.11200994830862293
2025-07-24 05:00,0.24610950614752264
2025-07-24 06:00,0.02062588764015459
2025-07-24 07:00,0.09887313262440706
2025-07-24 08:00,0.0
2025-07-24 09:00,0.0
2025-07-24 10:00,0.0015174069357158392
2025-07-24 11:00,0.14950921969841685
2025-07-24 12:00,0.45228403269720124
2025-07-24 13:00,0.30513146326892454
2025-07-24 14:00,3.650716421603108
2025-07-24 15:00,4.9954495487587245
2025-07-24 16:00,2.9508788423373247
2025-07-24 17:00,9.098453463930761
2025-07-24 18:00,9.21374425480905
2025-07-24 19:00,1.7816106707404717
2025-07-24 20:00,1.8287474012544442
2025-07-24 21:00,1.050592568846079
2025-07-24 22:00,0.06625766644216283
2025-07-24 23:00,0.01728018937464801
2025-07-25 00:00,0.14420861939805854
2025-07-25 01:00,0.24631292467578067
2025-07-25 02:00,0.1875400025149319
2025-07-25 03:00,0.11931465062874984
2025-07-25 04:00,0.11876421905944132
2025-07-25 05:00,0.2711814238546314
2025-07-25 06:00,0.11502465695670716
2025-07-25 07:00,0.014798446314257557
2025-07-25 08:00,0.050922534959276636
2025-07-25 09:00,0.12573724487007987
2025-07-25 10:00,0.3230045257285795
2025-07-25 11:00,0.03933424023532228
2025-07-25 12:00,0.11023052293000717
2025-07-25 13:00,0.16603381821605867
2025-07-25 14:00,0.16765437410287026
2025-07-25 15:00,0.6458511725960255
2025-07-25 16:00,0.4346327611603326
2025-07-25 17:00,0.7472888122748433
2025-07-25 18:00,1.3969183686528903
2025-07-25 19:00,1.2743396217573228
2025-07-25 20:00,0.9747225252744512
2025-07-25 21:00,0.009464096176899306
2025-07-25 22:00,0.1538539066969701
2025-07-25 23:00,0.26482177231969284
2025-07-26 00:00,0.5022244495196787
2025-07-26 01:00,0.3828787507788368
2025-07-26 02:00,0.18058213384448435
2025-07-26 03:00,0.13749880040953633
2025-07-26 04:00,0.1898473680005556
2025-07-26 05:00,0.1116800109539682
2025-07-26 06:00,0.19069971948515108
2025-07-26 07:00,0.8876085404960365
2025-07-26 08:00,0.6880489560876836
2025-07-26 09:00,0.29291606287248195
2025-07-26 10:00,0.3773183230459135
2025-07-26 11:00,0.5662612154547264
2025-07-26 12:00,0.6214380770268991
2025-07-26 13:00,0.3469257431935278
2025-07-26 14:00,1.499040129909551
2025-07-26 15:00,1.7195843290705881
2025-07-26 16:00,1.8701743211911972
2025-07-26 17:00,3.970651985186636
2025-07-26 18:00,3.06927576721598
2025-07-26 19:00,2.924609633130676
2025-07-26 20:00,1.6398992178252838
2025-07-26 21:00,6.03394477286337
2025-07-26 22:00,7.697470154536383
2025-07-26 23:00,0.7809503183023145
2025-07-27 00:00,0.7030442658757878
2025-07-27 01:00,1.5901382107627453
2025-07-27 02:00,0.6447909299316864
2025-07-27 03:00,0.5197102591229315
2025-07-27 04:00,0.2494631076794907
2025-07-27 05:00,0.21336858484423082
2025-07-27 06:00,0.6082548100516154
2025-07-27 07:00,0.025605913228145177
2025-07-27 08:00,0.0
2025-07-27 09:00,0.010870347209057224
2025-07-27 10:00,0.06825625243830416
2025-07-27 11:00,1.0232829558200827
2025-07-27 12:00,0.07747350242621277
2025-07-27 13:00,0.7231754822851791
2025-07-27 14:00,0.3617392696887979
2025-07-27 15:00,0.8434526866815293
2025-07-27 16:00,0.7097497138584918
2025-07-27 17:00,0.626916515108545
2025-07-27 18:00,1.912487817560774
2025-07-27 19:00,0.9906717236118764
2025-07-27 20:00,0.3320899249444563
2025-07-27 21:00,0.0
2025-07-27 22:00,0.0
2025-07-27 23:00,0.3214824553912964
2025-07-28 00:00,0.0
2025-07-28 01:00,0.0
2025-07-28 02:00,0.0
2025-07-28 03:00,0.0
2025-07-28 04:00,0.0
2025-07-28 05:00,0.06682695345368413
2025-07-28 06:00,0.04143024363207834
2025-07-28 07:00,0.07772348615534737
2025-07-28 08:00,0.12652936742744644
2025-07-28 09:00,0.005823969005512707
2025-07-28 10:00,0.20971438555163985
2025-07-28 11:00,0.5193025813587206
2025-07-28 12:00,2.9127822388682594
2025-07-28 13:00,4.242447955515743
2025-07-28 14:00,3.524338598935125
2025-07-28 15:00,3.7652074761991
2025-07-28 16:00,4.055743286461758
2025-07-28 17:00,3.483291414535402
2025-07-28 18:00,2.5171877083557415
2025-07-28 19:00,1.683275300593492
2025-07-28 20:00,1.020546520116753
2025-07-28 21:00,0.09239734832534033
2025-07-28 22:00,0.05758990619316606
2025-07-28 23:00,0.060955660878428485
2025-07-29 00:00,0.0
2025-07-29 01:00,0.0835086716717523
2025-07-29 02:00,0.0
2025-07-29 03:00,0.015703951392433413
2025-07-29 04:00,0.004109213618987039
2025-07-29 05:00,0.012479732723952155
2025-07-29 06:00,0.017090962976248625
2025-07-29 07:00,0.0
2025-07-29 08:00,0.01815681802562269
2025-07-29 09:00,0.001983010414440392
2025-07-29 10:00,0.03398944817100065
2025-07-29 11:00,0.13691225672662655
2025-07-29 12:00,0.08532601261325629
2025-07-29 13:00,0.41142433095252623
2025-07-29 14:00,1.414853172778543
2025-07-29 15:00,3.3234892336725377
2025-07-29 16:00,3.1684970827027
2025-07-29 17:00,1.6766431857402235
2025-07-29 18:00,1.0415175053494454
2025-07-29 19:00,0.15544547450666257
2025-07-29 20:00,0.06595707752207589
2025-07-29 21:00,0.1095697018114827
2025-07-29 22:00,0.11855946381265468
2025-07-29 23:00,0.018574836238525183
2025-07-30 00:00,0.00216839829549903
2025-07-30 01:00,0.0
2025-07-30 02:00,0.0
2025-07-30 03:00,0.0008268671763379254
2025-07-30 04:00,0.036939807618112386
2025-07-30 05:00,0.037229340695860924
2025-07-30 06:00,0.0
2025-07-30 07:00,0.0
2025-07-30 08:00,0.0
2025-07-30 09:00,0.0
2025-07-30 10:00,0.5857956351545345
2025-07-30 11:00,0.0938954552362524
2025-07-30 12:00,0.3305409944192439
2025-07-30 13:00,1.8680773240572068
2025-07-30 14:00,1.4987441907288135
2025-07-30 15:00,1.730165059512041
2025-07-30 16:00,2.0701612600196557
2025-07-30 17:00,3.5178504921608837
2025-07-30 18:00,2.7615832657504584
2025-07-30 19:00,3.213479711614756
2025-07-30 20:00,9.743423966106894
2025-07-30 21:00,10.583055716703969
2025-07-30 22:00,2.451389678815269
2025-07-30 23:00,2.94371366598548
2025-07-31 00:00,5.634734595402206
2025-07-31 01:00,4.660871951069632
2025-07-31 02:00,1.1493346904016173
2025-07-31 03:00,0.16504139892623695
2025-07-31 04:00,0.25300450778225314
2025-07-31 05:00,0.19777879289542716
2025-07-31 06:00,0.0209756011949338
2025-07-31 07:00,0.053800129626966675
2025-07-31 08:00,0.0
2025-07-31 09:00,0.0
2025-07-31 10:00,0.2394507154367955
2025-07-31 11:00,0.03246295041942732
2025-07-31 12:00,1.1922710572812174
2025-07-31 13:00,0.037569181955923084
2025-07-31 14:00,0.32276139573262097
2025-07-31 15:00,1.0335753446264397
2025-07-31 16:00,0.9894005957728821
2025-07-31 17:00,0.19506292893841648
2025-07-31 18:00,0.3973842387258354
2025-07-31 19:00,0.050224513985753234
2025-07-31 20:00,0.06028275569234568
2025-07-31 21:00,0.08861584896752175
2025-07-31 22:00,0.0
2025-07-31 23:00,0.22897597393479063
2025-08-01 00:00,0.09159366377372535
2025-08-01 01:00,0.03576809522122573
2025-08-01 02:00,0.08825384034204428
2025-08-01 03:00,0.14946888319083887
2025-08-01 04:00,0.32247922995891765
2025-08-01 05:00,0.22791362099415274
2025-08-01 06:00,0.44870700566315724
2025-08-01 07:00,0.05495524128265429
2025-08-01 08:00,0.01653385984184863
2025-08-01 09:00,0.04851183651332666
2025-08-01 10:00,0.046213265490484344
2025-08-01 11:00,0.03594467469724386
2025-08-01 12:00,0.46586964783666457
2025-08-01 13:00,0.7864365349255396
2025-08-01 14:00,0.844324315476572
2025-08-01 15:00,1.5706147815370892
2025-08-01 16:00,3.2198308313491473
2025-08-01 17:00,2.52643613770534
2025-08-01 18:00,1.0865265642132729
2025-08-01 19:00,0.46547513876394236
2025-08-01 20:00,0.5369784072686281
2025-08-01 21:00,0.17045707211104788
2025-08-01 22:00,0.15917090250466426
2025-08-01 23:00,0.028072572895943435
2025-08-02 00:00,0.03003858736111975
2025-08-02 01:00,0.2697926017754617
2025-08-02 02:00,0.05320864077397035
2025-08-02 03:00,0.07745539957399597
2025-08-02 04:00,0.6902501571626212
2025-08-02 05:00,0.07662576399510616
2025-08-02 06:00,0.030299309575644584
2025-08-02 07:00,0.148712688689005
2025-08-02 08:00,0.655539697368009
2025-08-02 09:00,0.0
2025-08-02 10:00,0.029118705130047547
2025-08-02 11:00,0.05414024325322446
2025-08-02 12:00,0.30432350550961806
2025-08-02 13:00,1.0060716099668015
2025-08-02 14:00,1.506910823861956
2025-08-02 15:00,1.8486216905648585
2025-08-02 16:00,3.6592646587607125
2025-08-02 17:00,1.9181233054995572
2025-08-02 18:00,1.542786601636506
2025-08-02 19:00,0.9569332194721469
2025-08-02 20:00,0.4545121396151688
2025-08-02 21:00,0.007600116466471324
2025-08-02 22:00,0.2592610041899335
2025-08-02 23:00,0.21560663379537165
2025-08-03 00:00,0.41533880552967695
2025-08-03 01:00,0.017632630925042914
2025-08-03 02:00,0.07449388773454674
2025-08-03 03:00,0.0
2025-08-03 04:00,0.03431748905206272
2025-08-03 05:00,0.017860583928710344
2025-08-03 06:00,0.03883583696016282
2025-08-03 07:00,0.029425918077793566
2025-08-03 08:00,0.042014875198058216
2025-08-03 09:00,0.0
2025-08-03 10:00,0.17261155633415526
2025-08-03 11:00,0.011611223200312978
2025-08-03 12:00,0.10651461142798772
2025-08-03 13:00,1.7233504848267596
2025-08-03 14:00,0.9164652557180063
2025-08-03 15:00,1.0434390840946781
2025-08-03 16:00,0.27552139180573637
2025-08-03 17:00,0.2408903686849738
2025-08-03 18:00,0.4053792042038153
2025-08-03 19:00,0.41936465311455035
2025-08-03 20:00,1.2616077254692633
2025-08-03 21:00,0.48554576191775356
2025-08-03 22:00,0.8365106498354038
2025-08-03 23:00,5.280700599537643
2025-08-04 00:00,44.50287493013592
2025-08-04 01:00,45.87764789018661
2025-08-04 02:00,41.70486783483773
2025-08-04 03:00,38.889094109803196
2025-08-04 04:00,34.487872717710914
2025-08-04 05:00,33.81233701810888
2025-08-04 06:00,37.33643117830054
2025-08-04 07:00,28.514593763686552
2025-08-04 08:00,29.483163149286987
2025-08-04 09:00,28.365758859816808
2025-08-04 10:00,18.704003763199367
2025-08-04 11:00,25.293114431664485
2025-08-04 12:00,28.75099834296587
2025-08-04 13:00,23.930309886014626
2025-08-04 14:00,33.02158147832583
2025-08-04 15:00,31.548812372502226
2025-08-04 16:00,22.869627788841544
2025-08-04 17:00,27.174882390875773
2025-08-04 18:00,27.693802527006852
2025-08-04 19:00,30.764450574162886
2025-08-04 20:00,27.120833972875143
2025-08-04 21:00,27.054695047813297
2025-08-04 22:00,35.00945880307599
2025-08-04 23:00,33.044022093657475
2025-08-05 00:00,0.046185429522393184
2025-08-05 01:00,0.03879701500759358
2025-08-05 02:00,0.0
2025-08-05 03:00,0.07317901915393651
2025-08-05 04:00,0.012148006125930338
2025-08-05 05:00,0.011248597815541828
2025-08-05 06:00,0.2389393878591146
2025-08-05 07:00,0.9128680426038223
2025-08-05 08:00,0.3081026759326459
2025-08-05 09:00,1.6285790041138246
2025-08-05 10:00,6.38076433353445
2025-08-05 11:00,3.3901403571511777
2025-08-05 12:00,6.039524418603825
2025-08-05 13:00,8.420313619454493
2025-08-05 14:00,13.552077183733907
2025-08-05 15:00,18.67232697599033
2025-08-05 16:00,28.079020606622905
2025-08-05 17:00,28.827313117197757
2025-08-05 18:00,33.003730982019924
2025-08-05 19:00,36.73950892883331
2025-08-05 20:00,39.60249331667221
2025-08-05 21:00,36.40262627802002
2025-08-05 22:00,41.9121791302058
2025-08-05 23:00,42.84883517988774
2025-08-06 00:00,38.27528698391485
2025-08-06 01:00,33.662007952558206
2025-08-06 02:00,30.5620276302772
2025-08-06 03:00,34.12470422201271
2025-08-06 04:00,35.44962038299495
2025-08-06 05:00,35.252749031579775
2025-08-06 06:00,36.34558015567164
2025-08-06 07:00,40.86544266208766
2025-08-06 08:00,39.55540414501921
2025-08-06 09:00,37.8050381810658
2025-08-06 10:00,39.37343267892355
2025-08-06 11:00,36.28019863548458
2025-08-06 12:00,35.08888618082715
2025-08-06 13:00,31.828518452783893
2025-08-06 14:00,32.23655186901295
2025-08-06 15:00,29.167621012623194
2025-08-06 16:00,33.10274641899466
2025-08-06 17:00,34.50403405998805
2025-08-06 18:00,28.46582317282804
2025-08-06 19:00,24.901603477090497
2025-08-06 20:00,23.27657011399829
2025-08-06 21:00,23.75462472908503
2025-08-06 22:00,19.862613713384675
2025-08-06 23:00,18.54961608431737
2025-08-07 00:00,5.459928363864883
2025-08-07 01:00,3.4021447996900394
2025-08-07 02:00,2.5337864812044737
2025-08-07 03:00,2.499552805731275
2025-08-07 04:00,1.0857316010680456
2025-08-07 05:00,0.9933954162006592
2025-08-07 06:00,1.1510077301692472
2025-08-07 07:00,0.9449794618140832
2025-08-07 08:00,0.4138538799438366
2025-08-07 09:00,0.0025425073520251276
2025-08-07 10:00,0.17181508541255464
2025-08-07 11:00,0.47676335329149944
2025-08-07 12:00,2.3933199711526942
2025-08-07 13:00,1.6683265391320332
2025-08-07 14:00,0.9145321029731622
2025-08-07 15:00,3.414829757218225
2025-08-07 16:00,4.029702226090036
2025-08-07 17:00,0.9984366554679494
2025-08-07 18:00,1.6624391605164808
2025-08-07 19:00,1.7070197426443308
2025-08-07 20:00,0.326079549127206
2025-08-07 21:00,1.625096513954698
2025-08-07 22:00,1.2259666447663102
2025-08-07 23:00,0.34355821120810853
2025-08-08 00:00,0.9042909487277502
2025-08-08 01:00,0.028838868215360913
2025-08-08 02:00,0.034037312894463434
2025-08-08 03:00,0.0
2025-08-08 04:00,0.051366614775800665
2025-08-08 05:00,0.0
2025-08-08 06:00,0.06660559900915868
2025-08-08 07:00,0.010019338782240546
2025-08-08 08:00,0.041063746083589564
2025-08-08 09:00,0.0
2025-08-08 10:00,0.0015174069357158392
2025-08-08 11:00,0.04833736899550642
2025-08-08 12:00,0.007374657941603132
2025-08-08 13:00,0.11731098315109798
2025-08-08 14:00,0.3327379884556477
2025-08-08 15:00,0.5457737957740707
2025-08-08 16:00,0.6128077124271287
2025-08-08 17:00,0.5256869793610096
2025-08-08 18:00,0.4906645144435773
2025-08-08 19:00,0.27685482610661627
2025-08-08 20:00,0.055658864332195246
2025-08-08 21:00,0.019577480521593
2025-08-08 22:00,0.13741344956350224
2025-08-08 23:00,0.02120095344640069
2025-08-09 00:00,0.06457195546420086
2025-08-09 01:00,0.07588021500698411
2025-08-09 02:00,0.11593427396590733
2025-08-09 03:00,0.2541541900056233
2025-08-09 04:00,0.16345031087328782
2025-08-09 05:00,0.24420780211355197
2025-08-09 06:00,0.7510582010688971
2025-08-09 07:00,0.01966255046099713
2025-08-09 08:00,0.061255439285775495
2025-08-09 09:00,0.0620127039386336
2025-08-09 10:00,0.01049218283021167
2025-08-09 11:00,0.6762585571524757
2025-08-09 12:00,0.9873991468410802
2025-08-09 13:00,1.7073967338454334
2025-08-09 14:00,5.342772005929721
2025-08-09 15:00,10.585241308309083
2025-08-09 16:00,13.070761200815147
2025-08-09 17:00,17.06945389255695
2025-08-09 18:00,21.010063762109134
2025-08-09 19:00,13.320868560028995
2025-08-09 20:00,10.670451685625228
2025-08-09 21:00,6.443275220835808
2025-08-09 22:00,25.23791161062944
2025-08-09 23:00,19.50398586659044
2025-08-10 00:00,4.798045216254302
2025-08-10 01:00,9.159007432083477
2025-08-10 02:00,10.595398840301119
2025-08-10 03:00,16.846198109309853
2025-08-10 04:00,18.69695144639057
2025-08-10 05:00,25.498243857774582
2025-08-10 06:00,23.31663048744428
2025-08-10 07:00,24.512725391379924
2025-08-10 08:00,34.96180625491276
2025-08-10 09:00,32.353916607747735
2025-08-10 10:00,29.371697660013886
2025-08-10 11:00,29.350802775589003
2025-08-10 12:00,17.2379855434264
2025-08-10 13:00,21.376661774621464
2025-08-10 14:00,11.6421941760212
2025-08-10 15:00,11.585042129909452
2025-08-10 16:00,7.493277692847794
2025-08-10 17:00,7.773494303466199
2025-08-10 18:00,5.31674033408501
2025-08-10 19:00,1.7106146276747045
2025-08-10 20:00,1.424303640851553
2025-08-10 21:00,0.7389794246221404
2025-08-10 22:00,0.3584998481414784
2025-08-10 23:00,0.0
2025-08-11 00:00,0.13931574264668428
2025-08-11 01:00,0.07870382878465385
2025-08-11 02:00,0.13617893634840328
2025-08-11 03:00,0.07088936387674
2025-08-11 04:00,0.09484269856013527
2025-08-11 05:00,0.22096490359598564
2025-08-11 06:00,0.23724752819400632
2025-08-11 07:00,0.24393263843038976
2025-08-11 08:00,0.04534315783762269
2025-08-11 09:00,0.0
2025-08-11 10:00,0.003376701713063507
2025-08-11 11:00,0.0
2025-08-11 12:00,0.2263950812432547
2025-08-11 13:00,0.007253487340421458
2025-08-11 14:00,0.13321157632985164
2025-08-11 15:00,1.2869817492400766
2025-08-11 16:00,1.3206956334280537
2025-08-11 17:00,0.9455588751069435
2025-08-11 18:00,1.3071727280975582
2025-08-11 19:00,2.4356854486925137
2025-08-11 20:00,0.36597782420166103
2025-08-11 21:00,1.917343788296933
2025-08-11 22:00,6.088226519063879
2025-08-11 23:00,1.3226523166839894
2025-08-12 00:00,0.03428722184822286
2025-08-12 01:00,0.02421741381466655
2025-08-12 02:00,0.09210394807439423
2025-08-12 03:00,0.036443050327652576
2025-08-12 04:00,0.045420372506447496
2025-08-12 05:00,0.0
2025-08-12 06:00,0.08753239187551876
2025-08-12 07:00,0.12951618011382715
2025-08-12 08:00,0.018341549490382757
2025-08-12 09:00,0.1395905606103043
2025-08-12 10:00,0.7681318130881079
2025-08-12 11:00,0.6965332130463116
2025-08-12 12:00,1.29198127480512
2025-08-12 13:00,2.1373526405916907
2025-08-12 14:00,1.4692947836489343
2025-08-12 15:00,5.930005512961376
2025-08-12 16:00,5.1064557443978575
2025-08-12 17:00,5.396149290723182
2025-08-12 18:00,11.170694990789723
2025-08-12 19:00,8.91431549285458
2025-08-12 20:00,4.84591824676235
2025-08-12 21:00,5.0385391264877875
2025-08-12 22:00,4.909971813253551
2025-08-12 23:00,5.800311618728153
2025-08-13 00:00,33.4436104514035
2025-08-13 01:00,41.11141537688153
2025-08-13 02:00,39.27327202407429
2025-08-13 03:00,33.59470611770084
2025-08-13 04:00,35.26302006377592
2025-08-13 05:00,38.64624633358164
2025-08-13 06:00,37.40658586730707
2025-08-13 07:00,41.478337344979934
2025-08-13 08:00,40.26368767942179
2025-08-13 09:00,41.68561660812116
2025-08-13 10:00,39.93916293342152
2025-08-13 11:00,40.64149730182225
2025-08-13 12:00,41.531384335232445
2025-08-13 13:00,39.82344034510367
2025-08-13 14:00,41.16087952698659
2025-08-13 15:00,37.54038816510757
2025-08-13 16:00,36.84547459761994
2025-08-13 17:00,30.55657993447971
2025-08-13 18:00,33.54210249048261
2025-08-13 19:00,28.19180867730215
2025-08-13 20:00,26.032810938509293
2025-08-13 21:00,29.62611563639132
2025-08-13 22:00,19.585617460161927
2025-08-13 23:00,22.57002573198629
2025-08-14 00:00,22.202176375979313
2025-08-14 01:00,20.577019007845017
2025-08-14 02:00,23.139098964697652
2025-08-14 03:00,18.94907007471386
2025-08-14 04:00,17.370446354490504
2025-08-14 05:00,18.086597512219598
2025-08-14 06:00,17.248964401222494
2025-08-14 07:00,20.032090366900732
2025-08-14 08:00,15.160987332741588
2025-08-14 09:00,16.721121613260884
2025-08-14 10:00,7.446750367200399
2025-08-14 11:00,7.678132249208197
2025-08-14 12:00,11.67327407911869
2025-08-14 13:00,11.347030391638414
2025-08-14 14:00,3.9848207656399723
2025-08-14 15:00,4.254640141459914
2025-08-14 16:00,1.9620653596198103
2025-08-14 17:00,3.0319877043428245
2025-08-14 18:00,8.433880085939169
2025-08-14 19:00,8.915343358514802
2025-08-14 20:00,2.8986273276399803
2025-08-14 21:00,1.792359559857292
2025-08-14 22:00,1.4477586659629194
2025-08-14 23:00,0.592860762910435
2025-08-15 00:00,0.0
2025-08-15 01:00,0.021305542474867156
2025-08-15 02:00,0.013465925967350995
2025-08-15 03:00,0.044256049928710364
2025-08-15 04:00,0.009519660967715338
2025-08-15 05:00,0.08706914748967673
2025-08-15 06:00,0.08882736453914128
2025-08-15 07:00,0.19487099173955091
2025-08-15 08:00,0.2338464883605379
2025-08-15 09:00,0.26661957881620013
2025-08-15 10:00,0.05107272185618028
2025-08-15 11:00,0.04895727708055914
2025-08-15 12:00,0.0863500157249351
2025-08-15 13:00,0.6582472270169621
2025-08-15 14:00,1.2160088871951888
2025-08-15 15:00,1.025927575902358
2025-08-15 16:00,1.0018093391563312
2025-08-15 17:00,1.1662350386124616
2025-08-15 18:00,0.40470516058233585
2025-08-15 19:00,0.43848238631058584
2025-08-15 20:00,0.11675022637574345
2025-08-15 21:00,0.2565181519822898
2025-08-15 22:00,0.0343241359269227
2025-08-15 23:00,0.09314925211969313
2025-08-16 00:00,0.013469395652326535
2025-08-16 01:00,0.03608987477949094
2025-08-16 02:00,0.004708128982528065
2025-08-16 03:00,0.008499986589296987
2025-08-16 04:00,0.0070531053241707775
2025-08-16 05:00,0.007577109596064741
2025-08-16 06:00,0.008846937397531176
2025-08-16 07:00,0.05874571583969878
2025-08-16 08:00,0.07630541632084029
2025-08-16 09:00,0.01849385614349621
2025-08-16 10:00,0.06984361537664846
2025-08-16 11:00,0.013933773841779996
2025-08-16 12:00,0.16559379888375247
2025-08-16 13:00,0.6506270159172866
2025-08-16 14:00,1.0130168463479197
2025-08-16 15:00,1.1836522332370185
2025-08-16 16:00,2.0917024448461636
2025-08-16 17:00,0.42771216405410173
2025-08-16 18:00,0.5618310316228903
2025-08-16 19:00,0.7191668589517312
2025-08-16 20:00,0.1911827739197115
2025-08-16 21:00,0.34027537883227743
2025-08-16 22:00,0.24163308916475607
2025-08-16 23:00,0.13786883367988956
2025-08-17 00:00,0.039659471674105
2025-08-17 01:00,0.01622780512899913
2025-08-17 02:00,0.06856724916009227
2025-08-17 03:00,0.062341959437421435
2025-08-17 04:00,0.2638441775070438
2025-08-17 05:00,0.021339287529661962
2025-08-17 06:00,0.02241066286035142
2025-08-17 07:00,0.08112581110246908
2025-08-17 08:00,0.08526487641129482
2025-08-17 09:00,0.06495999369510884
2025-08-17 10:00,0.11694171796794711
2025-08-17 11:00,0.04089591910870971
2025-08-17 12:00,0.2523216265618111
2025-08-17 13:00,0.23831895575768577
2025-08-17 14:00,0.4001990016332384
2025-08-17 15:00,1.6145282680386457
2025-08-17 16:00,1.2521963282907604
2025-08-17 17:00,0.9134463436487902
2025-08-17 18:00,0.34912640610299495
2025-08-17 19:00,0.10292224154216065
2025-08-17 20:00,0.050908579474135435
2025-08-17 21:00,0.2445539126365886
2025-08-17 22:00,0.06997111395209751
2025-08-17 23:00,0.07042859350072223
2025-08-18 00:00,0.10253165216982163
2025-08-18 01:00,0.025223882377879744
2025-08-18 02:00,0.06982214847997367
2025-08-18 03:00,0.263853753993304
2025-08-18 04:00,0.0868181888699017
2025-08-18 05:00,0.36804084042921736
2025-08-18 06:00,0.3930542576296159
2025-08-18 07:00,0.12879650949874372
2025-08-18 08:00,0.09206530905188066
2025-08-18 09:00,0.04849386362441085
2025-08-18 10:00,0.0762986408436398
2025-08-18 11:00,0.17915451518454517
2025-08-18 12:00,0.07547851413437656
2025-08-18 13:00,0.08240130628534188
2025-08-18 14:00,0.34569113937707174
2025-08-18 15:00,0.5622877694160122
2025-08-18 16:00,1.2812597119733893
2025-08-18 17:00,0.3559052419262705
2025-08-18 18:00,0.6853881926753425
2025-08-18 19:00,1.6388901752402831
2025-08-18 20:00,1.2320746434814558
2025-08-18 21:00,0.6045212795094106
2025-08-18 22:00,1.3029226820507085
2025-08-18 23:00,2.0212844868818305
2025-08-19 00:00,1.3133522665629236
2025-08-19 01:00,1.8581707445147035
2025-08-19 02:00,1.9143098136000911
2025-08-19 03:00,1.3597819768006842
2025-08-19 04:00,1.7734092731737459
2025-08-19 05:00,1.981849120872035
2025-08-19 06:00,2.0418486656899058
2025-08-19 07:00,2.8479629805398483
2025-08-19 08:00,2.4107038751716536
2025-08-19 09:00,1.7539377645921368
2025-08-19 10:00,0.6355629705501471
2025-08-19 11:00,2.026205900533222
2025-08-19 12:00,2.199024357615476
2025-08-19 13:00,2.779510562291591
2025-08-19 14:00,2.4061782009554875
2025-08-19 15:00,3.1942939681199047
2025-08-19 16:00,2.6495044725320938
2025-08-19 17:00,4.646483489130991
2025-08-19 18:00,7.35907480933544
2025-08-19 19:00,2.214053294811788
2025-08-19 20:00,1.2053361594188203
2025-08-19 21:00,1.722377917003795
2025-08-19 22:00,0.5054156005049598
2025-08-19 23:00,0.6296683085081682
2025-08-20 00:00,1.21514710332013
2025-08-20 01:00,1.7496494728060652
2025-08-20 02:00,1.5701484240747332
2025-08-20 03:00,1.1761153151999555
2025-08-20 04:00,1.800317789442895
2025-08-20 05:00,2.743550320730402
2025-08-20 06:00,0.8678247362937445
2025-08-20 07:00,1.7111039321369503
2025-08-20 08:00,2.3395936577680914
2025-08-20 09:00,1.5115716176277045
2025-08-20 10:00,0.8410865552352705
2025-08-20 11:00,1.3561587150661978
2025-08-20 12:00,3.912560691175724
2025-08-20 13:00,4.3294963968685165
2025-08-20 14:00,5.6156801036890975
2025-08-20 15:00,2.166988778228489
2025-08-20 16:00,2.5836281341967453
2025-08-20 17:00,3.6564052948471124
2025-08-20 18:00,0.9765836540070472
2025-08-20 19:00,1.4799372341661177
2025-08-20 20:00,0.08693794895251031
2025-08-20 21:00,0.017540844355990126
2025-08-20 22:00,0.08308738804153881
2025-08-20 23:00,0.01501011139708941
2025-08-21 00:00,0.01974982843450656
2025-08-21 01:00,0.24329007235366354
2025-08-21 02:00,0.17025455229499512
2025-08-21 03:00,0.27764648915115786
2025-08-21 04:00,0.2688284549958826
2025-08-21 05:00,0.11310262701179405
2025-08-21 06:00,0.04970974884940302
2025-08-21 07:00,0.06426537043586919
2025-08-21 08:00,0.1468053394189233
2025-08-21 09:00,0.0
2025-08-21 10:00,0.12150885539498867
2025-08-21 11:00,0.05425934641119991
2025-08-21 12:00,0.02565779600792022
2025-08-21 13:00,1.5923235521740677
2025-08-21 14:00,0.5897522692706114
2025-08-21 15:00,1.3626801575687493
2025-08-21 16:00,1.0645535991663735
2025-08-21 17:00,0.6717025653706182
2025-08-21 18:00,1.135905198693988
2025-08-21 19:00,0.5329970556992564
2025-08-21 20:00,0.20028182351002793
2025-08-21 21:00,0.014254993784603098
2025-08-21 22:00,0.1391032518123363
2025-08-21 23:00,0.1274658665151664
2025-08-22 00:00,0.0
2025-08-22 01:00,0.0
2025-08-22 02:00,0.021128738236630307
2025-08-22 03:00,0.0016266492875528712
2025-08-22 04:00,0.013193145618268565
2025-08-22 05:00,0.008677450797799195
2025-08-22 06:00,0.03393909931929967
2025-08-22 07:00,0.02823612950277237
2025-08-22 08:00,0.0
2025-08-22 09:00,0.0
2025-08-22 10:00,0.06395868316839384
2025-08-22 11:00,0.14558087968052488
2025-08-22 12:00,0.23324376790924428
2025-08-22 13:00,0.28962461193196304
2025-08-22 14:00,0.5081308071650525
2025-08-22 15:00,1.195993460962257
2025-08-22 16:00,0.6677009564564088
2025-08-22 17:00,0.3679188271685587
2025-08-22 18:00,0.7449932403734421
2025-08-22 19:00,0.3903535660332644
2025-08-22 20:00,0.029069707394499156
2025-08-22 21:00,0.013063306790767962
2025-08-22 22:00,0.04847119554921145
2025-08-22 23:00,0.01865506132515099
2025-08-23 00:00,0.007559762229425747
2025-08-23 01:00,0.22345342408912164
2025-08-23 02:00,0.16141335346768076
2025-08-23 03:00,0.11302075300624026
2025-08-23 04:00,0.11283360321748373
2025-08-23 05:00,0.08227740174874427
2025-08-23 06:00,0.015324675733603374
2025-08-23 07:00,0.033416015987011306
2025-08-23 08:00,0.08418245918392425
2025-08-23 09:00,0.0
2025-08-23 10:00,0.0
2025-08-23 11:00,0.0016271802416348725
2025-08-23 12:00,0.0
2025-08-23 13:00,0.15044696136691235
2025-08-23 14:00,0.422882963646304
2025-08-23 15:00,0.6101686205748982
2025-08-23 16:00,0.5104505455327575
2025-08-23 17:00,0.5366437874208385
2025-08-23 18:00,0.43433364997123347
2025-08-23 19:00,0.2366100694095717
2025-08-23 20:00,0.14091595892861322
2025-08-23 21:00,0.13499458944539702
2025-08-23 22:00,0.10708878685538997
2025-08-23 23:00,0.06800650935903657
2025-08-24 00:00,0.02451865622883237
2025-08-24 01:00,0.001426155389191392
2025-08-24 02:00,0.015066959552802656
2025-08-24 03:00,0.01612915119364528
2025-08-24 04:00,0.01904739437519409
2025-08-24 05:00,0.01623858457018626
2025-08-24 06:00,0.12238589361941227
2025-08-24 07:00,0.06533406801679156
2025-08-24 08:00,0.12138811987904997
2025-08-24 09:00,0.49593100846680543
2025-08-24 10:00,0.2600027445325812
2025-08-24 11:00,0.06123484413331913
2025-08-24 12:00,1.410007760942099
2025-08-24 13:00,1.804887036223358
2025-08-24 14:00,1.0686187941575067
2025-08-24 15:00,1.5024458933442737
2025-08-24 16:00,1.0303894935660403
2025-08-24 17:00,0.5015455844006587
2025-08-24 18:00,0.6529228976822986
2025-08-24 19:00,0.4154114934856866
2025-08-24 20:00,0.3549578003920264
2025-08-24 21:00,0.0
2025-08-24 22:00,0.04002085193783608
2025-08-24 23:00,0.0153414155623946
2025-08-25 00:00,0.29953248530509685
2025-08-25 01:00,0.286507691227323
2025-08-25 02:00,0.31558562998794903
2025-08-25 03:00,0.5113344369628972
2025-08-25 04:00,0.8982107318989996
2025-08-25 05:00,0.40797202006599403
2025-08-25 06:00,1.0457992023139948
2025-08-25 07:00,0.7789176106538042
2025-08-25 08:00,0.8711191995623667
2025-08-25 09:00,2.232490118130182
2025-08-25 10:00,1.1998249801945091
2025-08-25 11:00,0.12362630702022043
2025-08-25 12:00,2.428128586726636
2025-08-25 13:00,1.6623964412905754
2025-08-25 14:00,8.433088809525827
2025-08-25 15:00,10.962233214976475
2025-08-25 16:00,17.105651903279103
2025-08-25 17:00,18.3821664880519
2025-08-25 18:00,27.568521007665566
2025-08-25 19:00,30.32975569221734
2025-08-25 20:00,21.665544317523405
2025-08-25 21:00,26.837371639699107
2025-08-25 22:00,23.7688938783387
2025-08-25 23:00,30.34866791070526
2025-08-26 00:00,31.284583423657033
2025-08-26 01:00,32.75859958267577
2025-08-26 02:00,34.676142026335484
2025-08-26 03:00,33.27231589593556
2025-08-26 04:00,32.85529639842542
2025-08-26 05:00,35.0011036932908
2025-08-26 06:00,35.925576915536595
2025-08-26 07:00,30.785138999181115
2025-08-26 08:00,33.783564436298064
2025-08-26 09:00,23.533731770170064
2025-08-26 10:00,19.223438373328392
2025-08-26 11:00,19.76978558775537
2025-08-26 12:00,7.602129488475002
2025-08-26 13:00,9.013932263402847
2025-08-26 14:00,10.911015925008826
2025-08-26 15:00,8.030011845972851
2025-08-26 16:00,0.253621161352005
2025-08-26 17:00,0.3183320016011971
2025-08-26 18:00,0.563458157855283
2025-08-26 19:00,0.6526044962662174
2025-08-26 20:00,0.21344547159261817
2025-08-26 21:00,0.8343637803617237
2025-08-26 22:00,0.48638821837026797
2025-08-26 23:00,0.04068251291716579
2025-08-27 00:00,0.038513163739897244
2025-08-27 01:00,0.01612823960720884
2025-08-27 02:00,0.04517203243375376
2025-08-27 03:00,0.012674698835515722
2025-08-27 04:00,0.04332873945610361
2025-08-27 05:00,0.049299422214860535
2025-08-27 06:00,0.1879144937071468
2025-08-27 07:00,0.01719633619456994
2025-08-27 08:00,0.0010429555490023765
2025-08-27 09:00,0.0
2025-08-27 10:00,0.0
2025-08-27 11:00,0.0030253549778404146
2025-08-27 12:00,0.07490325466294513
2025-08-27 13:00,0.26913727685736333
2025-08-27 14:00,0.4680427287574993
2025-08-27 15:00,1.0157226605130913
2025-08-27 16:00,0.5255941550973191
2025-08-27 17:00,0.4667553907543669
2025-08-27 18:00,0.5503289137306736
2025-08-27 19:00,0.0941885207321764
2025-08-27 20:00,0.22637776204930282
2025-08-27 21:00,0.0347660245732391
2025-08-27 22:00,0.053482377962721483
2025-08-27 23:00,0.0
2025-08-28 00:00,0.1274177222663882
2025-08-28 01:00,0.37162245762315627
2025-08-28 02:00,0.27982970188212936
2025-08-28 03:00,1.294631044221757
2025-08-28 04:00,2.406986843740108
2025-08-28 05:00,1.8348203955492117
2025-08-28 06:00,6.182083573932019
2025-08-28 07:00,4.791922414730376
2025-08-28 08:00,3.195473956501108
2025-08-28 09:00,8.194668482590622
2025-08-28 10:00,5.551065973905043
2025-08-28 11:00,5.012091022059906
2025-08-28 12:00,3.4811699891348633
2025-08-28 13:00,5.3785006024167235
2025-08-28 14:00,10.693900101258944
2025-08-28 15:00,3.7013425416089674
2025-08-28 16:00,8.004820238478292
2025-08-28 17:00,4.152921023995527
2025-08-28 18:00,16.530987789181363
2025-08-28 19:00,12.287699430266294
2025-08-28 20:00,9.856587340379551
2025-08-28 21:00,6.308277736782428
2025-08-28 22:00,4.972548272928776
2025-08-28 23:00,6.197528406548466
2025-08-29 00:00,10.398853702829182
2025-08-29 01:00,10.749606404779854
2025-08-29 02:00,10.796560595983882
2025-08-29 03:00,10.350885232437435
2025-08-29 04:00,10.45257019204005
2025-08-29 05:00,10.838448958414805
2025-08-29 06:00,7.136652949356491
2025-08-29 07:00,6.57699662023764
2025-08-29 08:00,2.9035867067156627
2025-08-29 09:00,3.7305499285079495
2025-08-29 10:00,0.276651952627326
2025-08-29 11:00,1.0705102531763746
2025-08-29 12:00,3.09278472610399
2025-08-29 13:00,0.5853239438782951
2025-08-29 14:00,1.0974165874400246
2025-08-29 15:00,1.3314893434647652
2025-08-29 16:00,1.3449162162465278
2025-08-29 17:00,0.6376964499031771
2025-08-29 18:00,1.6005864174011597
2025-08-29 19:00,0.982341628838963
2025-08-29 20:00,0.18508783436846155
2025-08-29 21:00,0.09246597154375813
2025-08-29 22:00,0.38976314336456314
2025-08-29 23:00,0.50885704375521
2025-08-30 00:00,0.382800049562325
2025-08-30 01:00,0.14834285934906075
2025-08-30 02:00,0.13368418652849132
2025-08-30 03:00,0.39433870672388455
2025-08-30 04:00,0.3386419084801213
2025-08-30 05:00,0.2002787440950209
2025-08-30 06:00,0.4551134879054177
2025-08-30 07:00,0.38336495866063536
2025-08-30 08:00,0.18748988224781893
2025-08-30 09:00,0.16484639695019235
2025-08-30 10:00,0.01904184845764731
2025-08-30 11:00,0.013933773841779996
2025-08-30 12:00,0.1617050812018886
2025-08-30 13:00,0.45973784924535277
2025-08-30 14:00,0.7115533943592396
2025-08-30 15:00,0.44980799763836243
2025-08-30 16:00,0.5334834929588045
2025-08-30 17:00,0.9906001437556213
2025-08-30 18:00,0.5040516350630551
2025-08-30 19:00,0.07829403154852443
2025-08-30 20:00,0.009102928055823939
2025-08-30 21:00,0.03239509123529152
2025-08-30 22:00,0.022955572366638227
2025-08-30 23:00,0.05576165319905885
2025-08-31 00:00,0.01763779163512766
2025-08-31 01:00,0.02402705171359308
2025-08-31 02:00,0.022359049151103823
2025-08-31 03:00,0.0360089455636529
2025-08-31 04:00,0.024329891038611863
2025-08-31 05:00,0.26263201227850846
2025-08-31 06:00,0.24340285653870175
2025-08-31 07:00,0.11513195235492783
2025-08-31 08:00,0.26432929332981825
2025-08-31 09:00,1.1513763789888707
2025-08-31 10:00,0.7380836898397056
2025-08-31 11:00,1.6301262018117806
2025-08-31 12:00,5.349922085978059
2025-08-31 13:00,4.218485972598528
2025-08-31 14:00,5.4374680740905585
2025-08-31 15:00,11.12198670287231
2025-08-31 16:00,8.494192635287083
2025-08-31 17:00,6.183216095511279
2025-08-31 18:00,7.173190520541912
2025-08-31 19:00,7.312834120458556
2025-08-31 20:00,17.88479986370965
2025-08-31 21:00,13.464769044964047
2025-08-31 22:00,27.262347700272734
2025-08-31 23:00,26.55224990027249
2025-09-01 00:00,5.611008718574082
2025-09-01 01:00,6.258973848845553
2025-09-01 02:00,6.594815479482768
2025-09-01 03:00,13.806320596450806
2025-09-01 04:00,10.161646813827783
2025-09-01 05:00,15.358031707562626
2025-09-01 06:00,30.181494086341218
2025-09-01 07:00,27.679317033822006
2025-09-01 08:00,33.57723943297944
2025-09-01 09:00,28.908844550032377
2025-09-01 10:00,28.686407116402208
2025-09-01 11:00,32.25902054291534
2025-09-01 12:00,30.979424053313423
2025-09-01 13:00,32.22766168870707
2025-09-01 14:00,32.26156144802401
2025-09-01 15:00,25.19989077537472
2025-09-01 16:00,30.45252057482875
2025-09-01 17:00,23.774465323545172
2025-09-01 18:00,23.60270071701411
2025-09-01 19:00,23.463925376800308
2025-09-01 20:00,24.328383443374378
2025-09-01 21:00,11.334589159859167
2025-09-01 22:00,9.544247659124037
2025-09-01 23:00,15.54798638898854
2025-09-02 00:00,0.0
2025-09-02 01:00,0.38896828761348445
2025-09-02 02:00,0.24968146816610887
2025-09-02 03:00,0.700219919203495
2025-09-02 04:00,1.3830802271351672
2025-09-02 05:00,0.43326439425088126
2025-09-02 06:00,0.20841956004115977
2025-09-02 07:00,0.0032632382305817194
2025-09-02 08:00,0.05824868464911854
2025-09-02 09:00,0.0
2025-09-02 10:00,0.046543130015386965
2025-09-02 11:00,0.06926966151432537
2025-09-02 12:00,0.0
2025-09-02 13:00,0.10132473974993464
2025-09-02 14:00,0.21244780163720045
2025-09-02 15:00,0.08737977059925903
2025-09-02 16:00,0.4362394334466212
2025-09-02 17:00,0.36386380229031046
2025-09-02 18:00,0.2996907789126221
2025-09-02 19:00,1.0829163559620203
2025-09-02 20:00,0.8755883306193993
2025-09-02 21:00,0.26947678683411325
2025-09-02 22:00,0.14119012943354653
2025-09-02 23:00,0.2378617031595009
2025-09-03 00:00,0.00878005226492683
2025-09-03 01:00,0.05046332829052541
2025-09-03 02:00,0.1212489907394738
2025-09-03 03:00,0.015703128975497478
2025-09-03 04:00,0.03070828964122284
2025-09-03 05:00,0.03792463540622834
2025-09-03 06:00,0.10049782429474485
2025-09-03 07:00,0.009881654762205833
2025-09-03 08:00,0.032052010010328716
2025-09-03 09:00,0.0
2025-09-03 10:00,0.5803451600495958
2025-09-03 11:00,0.027284466158570338
2025-09-03 12:00,0.13880753717351052
2025-09-03 13:00,1.1279102619801236
2025-09-03 14:00,0.9151261523962424
2025-09-03 15:00,0.7356093598925464
2025-09-03 16:00,0.8380994677132197
2025-09-03 17:00,1.1117072238923287
2025-09-03 18:00,0.9348461770072938
2025-09-03 19:00,0.6881911559191549
2025-09-03 20:00,0.2517904285655004
2025-09-03 21:00,0.1937235452412343
2025-09-03 22:00,0.30331290346919315
2025-09-03 23:00,0.41413546738662455
2025-09-04 00:00,0.0951446037609113
2025-09-04 01:00,0.06916271252144984
2025-09-04 02:00,0.0266858616085473
2025-09-04 03:00,0.05030383707390826
2025-09-04 04:00,0.02200261942301712
2025-09-04 05:00,0.046465176029721694
2025-09-04 06:00,0.8483327595381156
2025-09-04 07:00,0.22127796415690779
2025-09-04 08:00,0.26571249814472336
2025-09-04 09:00,0.11790741850477161
2025-09-04 10:00,0.0
2025-09-04 11:00,1.771909273450802
2025-09-04 12:00,5.4627363376137
2025-09-04 13:00,6.116623935663249
2025-09-04 14:00,8.718717360032315
2025-09-04 15:00,14.023209419744083
2025-09-04 16:00,12.312993885718754
2025-09-04 17:00,11.228383768255755
2025-09-04 18:00,15.814238973660915
2025-09-04 19:00,10.857052656409785
2025-09-04 20:00,6.0105875429847035
2025-09-04 21:00,4.988794391836304
2025-09-04 22:00,4.134900192902094
2025-09-04 23:00,4.912162847157391
2025-09-05 00:00,0.3692939138023874
2025-09-05 01:00,0.167445907394704
2025-09-05 02:00,0.6105553177860823
2025-09-05 03:00,0.3666852234099285
2025-09-05 04:00,0.3633959261444859
2025-09-05 05:00,0.449326093265783
2025-09-05 06:00,0.286093147710679
2025-09-05 07:00,0.29694560653544777
2025-09-05 08:00,0.01186254181195186
2025-09-05 09:00,0.0
2025-09-05 10:00,0.03461708941169653
2025-09-05 11:00,0.15474953884484366
2025-09-05 12:00,0.21290068764074188
2025-09-05 13:00,0.341704501124229
2025-09-05 14:00,0.9289874686368923
2025-09-05 15:00,1.1819907083710866
2025-09-05 16:00,0.6104100212454164
2025-09-05 17:00,1.2526821509090555
2025-09-05 18:00,1.667868851057023
2025-09-05 19:00,0.3581333453700176
2025-09-05 20:00,0.48022947580588177
2025-09-05 21:00,0.5510057471648654
2025-09-05 22:00,0.3078319296372422
2025-09-05 23:00,0.43264504241859925
2025-09-06 00:00,5.238593534962636
2025-09-06 01:00,8.675067149781572
2025-09-06 02:00,6.157814158959255
2025-09-06 03:00,12.799519376295045
2025-09-06 04:00,19.899038086813018
2025-09-06 05:00,17.156742492572818
2025-09-06 06:00,19.806515112551345
2025-09-06 07:00,31.250297734905054
2025-09-06 08:00,34.011550877767064
2025-09-06 09:00,27.441199616547213
2025-09-06 10:00,28.63056794466596
2025-09-06 11:00,25.350673866000747
2025-09-06 12:00,25.889653147579118
2025-09-06 13:00,19.974030274128182
2025-09-06 14:00,24.583420977160493
2025-09-06 15:00,24.08345339240438
2025-09-06 16:00,29.93904824684765
2025-09-06 17:00,27.964670590885188
2025-09-06 18:00,23.674463099889543
2025-09-06 19:00,27.471707228363364
2025-09-06 20:00,26.61705504406987
2025-09-06 21:00,26.53008049817941
2025-09-06 22:00,32.19937274608143
2025-09-06 23:00,17.59012678779549
2025-09-07 00:00,29.923203963424132
2025-09-07 01:00,25.71683333752914
2025-09-07 02:00,32.199750972859405
2025-09-07 03:00,11.253950614616073
2025-09-07 04:00,7.792560945200222
2025-09-07 05:00,12.219899582401125
2025-09-07 06:00,1.2256606372320746
2025-09-07 07:00,2.01045316781941
2025-09-07 08:00,0.6860862969696546
2025-09-07 09:00,0.8146014579825154
2025-09-07 10:00,0.0
2025-09-07 11:00,0.09885530155689143
2025-09-07 12:00,0.16741260558532878
2025-09-07 13:00,0.08573195074862738
2025-09-07 14:00,0.11379591669802183
2025-09-07 15:00,0.5759325308140844
2025-09-07 16:00,0.2981812099573533
2025-09-07 17:00,0.394053442662159
2025-09-07 18:00,1.8578814238699168
2025-09-07 19:00,1.6616971337083846
2025-09-07 20:00,1.1570280660919008
2025-09-07 21:00,0.2067679753430205
2025-09-07 22:00,0.3693758091446742
2025-09-07 23:00,0.15039456653050626
2025-09-08 00:00,0.500989921829039
2025-09-08 01:00,0.09548423778426651
2025-09-08 02:00,0.4850109582096034
2025-09-08 03:00,0.6607730655779978
2025-09-08 04:00,0.23281601597379054
2025-09-08 05:00,0.26830532379289074
2025-09-08 06:00,0.2124522630925216
2025-09-08 07:00,0.29685400962217884
2025-09-08 08:00,0.1292947419960389
2025-09-08 09:00,0.0
2025-09-08 10:00,0.00928467875965337
2025-09-08 11:00,0.05166411994425973
2025-09-08 12:00,0.018295527144314604
2025-09-08 13:00,0.061392621185593105
2025-09-08 14:00,0.05386842914844206
2025-09-08 15:00,0.2726224003869572
2025-09-08 16:00,0.18398364048350507
2025-09-08 17:00,0.5117932257114498
2025-09-08 18:00,0.6846610662300819
2025-09-08 19:00,0.5782845882560808
2025-09-08 20:00,0.5520308604962989
2025-09-08 21:00,0.6417385689933037
2025-09-08 22:00,0.11938621465508925
2025-09-08 23:00,0.23585277514395842
2025-09-09 00:00,1.2058991599547397
2025-09-09 01:00,0.4196840969604501
2025-09-09 02:00,1.3929064671181612
2025-09-09 03:00,1.1459773208904969
2025-09-09 04:00,0.2423603388394568
2025-09-09 05:00,2.0231521119996123
2025-09-09 06:00,1.3542290604295397
2025-09-09 07:00,0.5419234655295118
2025-09-09 08:00,2.2089899458631708
2025-09-09 09:00,0.41416372572724747
2025-09-09 10:00,0.40797232953575435
2025-09-09 11:00,3.814541350111357
2025-09-09 12:00,1.5169535253616835
2025-09-09 13:00,4.129059488802273
2025-09-09 14:00,11.306246313520905
2025-09-09 15:00,3.616967087167463
2025-09-09 16:00,7.975392877881623
2025-09-09 17:00,2.934030330853827
2025-09-09 18:00,2.3348938644494
2025-09-09 19:00,2.08046245203598
2025-09-09 20:00,0.9448374718263808
2025-09-09 21:00,0.7972034091275193
2025-09-09 22:00,0.2645177310029818
2025-09-09 23:00,0.5352051861685896
2025-09-10 00:00,1.274333969468857
2025-09-10 01:00,0.3626019804855761
2025-09-10 02:00,2.579643753541031
2025-09-10 03:00,3.0496349812441013
2025-09-10 04:00,0.9390267065464006
2025-09-10 05:00,4.761299659989811
2025-09-10 06:00,3.8869534038343145
2025-09-10 07:00,2.16504713957452
2025-09-10 08:00,8.360053714953306
2025-09-10 09:00,6.494476655589519
2025-09-10 10:00,7.874909646221328
2025-09-10 11:00,9.589434796920475
2025-09-10 12:00,8.758813756117776
2025-09-10 13:00,10.599006470452064
2025-09-10 14:00,8.402894377723953
2025-09-10 15:00,11.36494411226522
2025-09-10 16:00,15.800129276874461
2025-09-10 17:00,18.247778613692947
2025-09-10 18:00,12.628267609530106
2025-09-10 19:00,13.513922086357166
2025-09-10 20:00,15.253617183969403
2025-09-10 21:00,12.433194628781848
2025-09-10 22:00,5.150141713535365
2025-09-10 23:00,10.167505140742023
2025-09-11 00:00,0.9075409486359614
2025-09-11 01:00,0.15241621401396305
2025-09-11 02:00,0.577632167861234
2025-09-11 03:00,1.293735634698948
2025-09-11 04:00,1.2441331519955567
2025-09-11 05:00,1.3397607116808956
2025-09-11 06:00,2.586466384367389
2025-09-11 07:00,2.7130912090796864
2025-09-11 08:00,3.6767015933640605
2025-09-11 09:00,1.9228888633884293
2025-09-11 10:00,1.4088375601991578
2025-09-11 11:00,1.0404819389955273
2025-09-11 12:00,1.2005662030387363
2025-09-11 13:00,0.7518163221348863
2025-09-11 14:00,0.6198605814495746
2025-09-11 15:00,3.105019812833797
2025-09-11 16:00,3.0510587084050216
2025-09-11 17:00,5.858352608496412
2025-09-11 18:00,9.048398498091444
2025-09-11 19:00,8.92179267008595
2025-09-11 20:00,10.212891141048418
2025-09-11 21:00,8.489043785987256
2025-09-11 22:00,9.991676710728168
2025-09-11 23:00,11.98889691898006
2025-09-12 00:00,2.0246689979807946
2025-09-12 01:00,1.6464087760999602
2025-09-12 02:00,3.19273830706288
2025-09-12 03:00,2.704152174120269
2025-09-12 04:00,3.142371398809196
2025-09-12 05:00,2.4351026068316246
2025-09-12 06:00,4.108219514124816
2025-09-12 07:00,3.762751597119746
2025-09-12 08:00,1.5629252550133013
2025-09-12 09:00,1.0278123089409936
2025-09-12 10:00,0.829309194788783
2025-09-12 11:00,2.6630039380774804
2025-09-12 12:00,3.0266714060102866
2025-09-12 13:00,4.385446639740657
2025-09-12 14:00,3.4537078696830457
2025-09-12 15:00,7.966362481986595
2025-09-12 16:00,6.771088242654747
2025-09-12 17:00,6.7483781273732575
2025-09-12 18:00,10.315454932434449
2025-09-12 19:00,8.857153284524014
2025-09-12 20:00,6.895878133683768
2025-09-12 21:00,8.73592071278774
2025-09-12 22:00,7.373580756441768
2025-09-12 23:00,2.6044958630259005
2025-09-13 00:00,47.462795081401694
2025-09-13 01:00,43.04312852624061
2025-09-13 02:00,43.66820201087151
2025-09-13 03:00,46.03425397109098
2025-09-13 04:00,46.10632882739012
2025-09-13 05:00,45.20325873900751
2025-09-13 06:00,43.862514062081324
2025-09-13 07:00,46.37476789566628
2025-09-13 08:00,46.44191991506398
2025-09-13 09:00,42.37139194354225
2025-09-13 10:00,38.73607068139952
2025-09-13 11:00,26.361274399081243
2025-09-13 12:00,14.163181934521491
2025-09-13 13:00,3.8589220004803897
2025-09-13 14:00,3.3831273475212917
2025-09-13 15:00,2.1054780458042406
2025-09-13 16:00,0.9413767191514698
2025-09-13 17:00,3.3532453823934016
2025-09-13 18:00,2.54468250607379
2025-09-13 19:00,1.4486571457542197
2025-09-13 20:00,1.4856649437454972
2025-09-13 21:00,0.06254990888782264
2025-09-13 22:00,0.018388303867905575
2025-09-13 23:00,0.09137697222319502
2025-09-14 00:00,0.19576957988475727
2025-09-14 01:00,0.31692326838794904
2025-09-14 02:00,0.20325576755394903
2025-09-14 03:00,0.19892093931084417
2025-09-14 04:00,0.7418296009887653
2025-09-14 05:00,0.3105611023112354
2025-09-14 06:00,0.18394980164849076
2025-09-14 07:00,0.27960037775795055
2025-09-14 08:00,0.21123316918903368
2025-09-14 09:00,0.17889965119165946
2025-09-14 10:00,0.1179530402686331
2025-09-14 11:00,0.1000288280127718
2025-09-14 12:00,0.1675397293908336
2025-09-14 13:00,0.07235036626410518
2025-09-14 14:00,0.138348251715101
2025-09-14 15:00,0.189163032404601
2025-09-14 16:00,0.022908872286774448
2025-09-14 17:00,0.1373481701486099
2025-09-14 18:00,0.46224696330170634
2025-09-14 19:00,0.3451004061823461
2025-09-14 20:00,0.4925930546978382
2025-09-14 21:00,0.6672604328899672
2025-09-14 22:00,0.013062668270461819
2025-09-14 23:00,0.11903945540294059
2025-09-15 00:00,0.03157196455889533
2025-09-15 01:00,0.05880018505610886
2025-09-15 02:00,0.04607649960040381
2025-09-15 03:00,0.14720559928010152
2025-09-15 04:00,0.023409693916297134
2025-09-15 05:00,0.3052018981921269
2025-09-15 06:00,0.032989509676964665
2025-09-15 07:00,0.08597408061885413
2025-09-15 08:00,0.2662195405974512
2025-09-15 09:00,0.2570528935110802
2025-09-15 10:00,0.1553628901402867
2025-09-15 11:00,0.45258318807940684
2025-09-15 12:00,0.07744477488729563
2025-09-15 13:00,0.09227475996708842
2025-09-15 14:00,0.10631706855287312
2025-09-15 15:00,0.12552328959214254
2025-09-15 16:00,0.07949219228127025
2025-09-15 17:00,0.035993169018750104
2025-09-15 18:00,0.41408287070514266
2025-09-15 19:00,0.0294858045642111
2025-09-15 20:00,0.05590183991096376
2025-09-15 21:00,0.14812921143524665
2025-09-15 22:00,0.19154039751693447
2025-09-15 23:00,0.10340601516414838
2025-09-16 00:00,0.19644024710615055
2025-09-16 01:00,0.04190178599956059
2025-09-16 02:00,0.06434363671689658
2025-09-16 03:00,0.22398563161187057
2025-09-16 04:00,0.03525504340186868
2025-09-16 05:00,0.022783595273357188
2025-09-16 06:00,0.05914378176078089
2025-09-16 07:00,0.4568135859182445
2025-09-16 08:00,0.16745255303398782
2025-09-16 09:00,1.4654719931915845
2025-09-16 10:00,3.2305753779833775
2025-09-16 11:00,1.7830033714112705
2025-09-16 12:00,3.190242804998345
2025-09-16 13:00,4.4583140143857705
2025-09-16 14:00,7.610859414754113
2025-09-16 15:00,13.61238068063827
2025-09-16 16:00,21.462978609168005
2025-09-16 17:00,23.81753448918261
2025-09-16 18:00,28.398849899018046
2025-09-16 19:00,23.508013831089798
2025-09-16 20:00,26.376881483133275
2025-09-16 21:00,16.720471978493965
2025-09-16 22:00,10.158292083146193
2025-09-16 23:00,21.146177217928823
2025-09-17 00:00,34.94933857278341
2025-09-17 01:00,33.4157366874247
2025-09-17 02:00,28.597163780831256
2025-09-17 03:00,30.61313734364176
2025-09-17 04:00,23.8369977202169
2025-09-17 05:00,25.306231105333303
2025-09-17 06:00,26.139225528983577
2025-09-17 07:00,28.972835079290423
2025-09-17 08:00,34.78142640388502
2025-09-17 09:00,27.216196074593505
2025-09-17 10:00,28.974393904113363
2025-09-17 11:00,30.10920885487231
2025-09-17 12:00,31.177223224702114
2025-09-17 13:00,27.987870869268818
2025-09-17 14:00,26.088637838507033
2025-09-17 15:00,13.118657873477503
2025-09-17 16:00,6.838967413070806
2025-09-17 17:00,10.089199362019986
2025-09-17 18:00,16.203110151699654
2025-09-17 19:00,19.98988786654087
2025-09-17 20:00,14.743894437469208
2025-09-17 21:00,15.893324014362424
2025-09-17 22:00,18.05364070211511
2025-09-17 23:00,12.464271938314965
2025-09-18 00:00,6.933007031173123
2025-09-18 01:00,8.043724806741137
2025-09-18 02:00,5.98826825573123
2025-09-18 03:00,5.8668932212396285
2025-09-18 04:00,6.689365825500755
2025-09-18 05:00,8.326069381224821
2025-09-18 06:00,7.235200977966686
2025-09-18 07:00,3.0624448422131287
2025-09-18 08:00,2.972751334490722
2025-09-18 09:00,1.5428411656509258
2025-09-18 10:00,0.7749850834965271
2025-09-18 11:00,0.7782415846973492
2025-09-18 12:00,0.582613963785471
2025-09-18 13:00,0.3114310686381747
2025-09-18 14:00,0.2540009697513401
2025-09-18 15:00,0.23489474012721417
2025-09-18 16:00,0.18830058447491155
2025-09-18 17:00,0.4710799653573993
2025-09-18 18:00,0.3721011455707882
2025-09-18 19:00,0.30116366176996295
2025-09-18 20:00,0.9068389506295458
2025-09-18 21:00,0.9432282301536563
2025-09-18 22:00,0.900400496036604
2025-09-18 23:00,1.0262089316696592
2025-09-19 00:00,1.3057724244043059
2025-09-19 01:00,0.6200850491405967
2025-09-19 02:00,2.0522023998707875
2025-09-19 03:00,2.1958464711413592
2025-09-19 04:00,2.442778398319839
2025-09-19 05:00,2.7093902711698874
2025-09-19 06:00,2.20637141136124
2025-09-19 07:00,4.553300070778933
2025-09-19 08:00,3.690512476587513
2025-09-19 09:00,0.6463748655355424
2025-09-19 10:00,1.134011217380221
2025-09-19 11:00,0.9104534969578048
2025-09-19 12:00,0.5894178931083511
2025-09-19 13:00,1.3599341709582056
2025-09-19 14:00,1.0351439128661013
2025-09-19 15:00,3.4051170929059422
2025-09-19 16:00,8.801889656229747
2025-09-19 17:00,4.356761755657879
2025-09-19 18:00,20.02998190109593
2025-09-19 19:00,27.415646229881016
2025-09-19 20:00,18.213842889247225
2025-09-19 21:00,33.270476721031805
2025-09-19 22:00,29.892097439785935
2025-09-19 23:00,26.53138974274215
2025-09-20 00:00,49.94347037734889
2025-09-20 01:00,53.171968999258134
2025-09-20 02:00,51.82822187511603
2025-09-20 03:00,52.21704983209661
2025-09-20 04:00,48.89160486241909
2025-09-20 05:00,43.02640061396117
2025-09-20 06:00,29.977817710247304
2025-09-20 07:00,17.051935511102897
2025-09-20 08:00,3.136324515448177
2025-09-20 09:00,6.681416265552036
2025-09-20 10:00,9.230027363895651
2025-09-20 11:00,5.970315275032249
2025-09-20 12:00,8.129726637769439
2025-09-20 13:00,12.386273487206289
2025-09-20 14:00,11.891405244121811
2025-09-20 15:00,23.155836249160117
2025-09-20 16:00,31.021578584545974
2025-09-20 17:00,29.51455552762654
2025-09-20 18:00,27.933569066833154
2025-09-20 19:00,13.53518212949453
2025-09-20 20:00,14.235873479877448
2025-09-20 21:00,6.256839283579816
2025-09-20 22:00,3.3094334439362365
2025-09-20 23:00,3.012281100193393
2025-09-21 00:00,0.5062857957167721
2025-09-21 01:00,0.48314483142248976
2025-09-21 02:00,0.18026748039485935
2025-09-21 03:00,1.5056885619354947
2025-09-21 04:00,2.3093634555846165
2025-09-21 05:00,4.154402603440003
2025-09-21 06:00,4.91295444920783
2025-09-21 07:00,6.060075876683221
2025-09-21 08:00,9.600941190718
2025-09-21 09:00,11.59370680032199
2025-09-21 10:00,11.433911652889478
2025-09-21 11:00,9.150208235346255
2025-09-21 12:00,9.235525610168175
2025-09-21 13:00,13.727660046232643
2025-09-21 14:00,15.389831424779906
2025-09-21 15:00,19.332235901334805
2025-09-21 16:00,27.8763179841024
2025-09-21 17:00,21.946795679762957
2025-09-21 18:00,26.143474269894355
2025-09-21 19:00,20.024607508474404
2025-09-21 20:00,16.41934716858336
2025-09-21 21:00,17.73736685958236
2025-09-21 22:00,10.07419675651332
2025-09-21 23:00,8.50308810760873
2025-09-22 00:00,3.149106703981613
2025-09-22 01:00,3.028268790591257
2025-09-22 02:00,3.928641445264052
2025-09-22 03:00,3.7434056370068967
2025-09-22 04:00,3.9037699467510425
2025-09-22 05:00,2.1718158354814827
2025-09-22 06:00,3.802778941419434
2025-09-22 07:00,2.939290652465662
2025-09-22 08:00,2.8140579266492276
2025-09-22 09:00,1.710886707593547
2025-09-22 10:00,0.48396789368169224
2025-09-22 11:00,1.1883127229224602
2025-09-22 12:00,0.4343516052547587
2025-09-22 13:00,0.6270822865328376
2025-09-22 14:00,0.973621941563328
2025-09-22 15:00,4.816045170984585
2025-09-22 16:00,6.209043541542542
2025-09-22 17:00,7.674679898300614
2025-09-22 18:00,8.476377266740156
2025-09-22 19:00,8.98215983868003
2025-09-22 20:00,12.116776758772206
2025-09-22 21:00,12.854783230009094
2025-09-22 22:00,13.985708072823247
2025-09-22 23:00,13.570129781331637
2025-09-23 00:00,4.163090275836268
2025-09-23 01:00,5.294305709836858
2025-09-23 02:00,4.956010063053731
2025-09-23 03:00,5.005352628826055
2025-09-23 04:00,4.4646969824270935
2025-09-23 05:00,3.138497759201092
2025-09-23 06:00,2.9853169324720175
2025-09-23 07:00,1.7456689847058713
2025-09-23 08:00,1.7899069817173194
2025-09-23 09:00,0.9120863945474915
2025-09-23 10:00,1.8471790976694906
2025-09-23 11:00,4.573657396956344
2025-09-23 12:00,4.577311465743725
2025-09-23 13:00,5.052291428802502
2025-09-23 14:00,7.777703209177922
2025-09-23 15:00,8.403602560329897
2025-09-23 16:00,7.970605871534975
2025-09-23 17:00,8.853880251586418
2025-09-23 18:00,8.4266632616406
2025-09-23 19:00,4.355652856334662
2025-09-23 20:00,4.950358867077785
2025-09-23 21:00,2.8462631360180035
2025-09-23 22:00,1.4775194476369287
2025-09-23 23:00,2.9709459370768867
2025-09-24 00:00,0.5001108437890809
2025-09-24 01:00,0.5401045147809934
2025-09-24 02:00,0.7798867888537966
2025-09-24 03:00,0.9758130453326579
2025-09-24 04:00,1.5897650107701018
2025-09-24 05:00,2.636008371271217
2025-09-24 06:00,3.43555813761952
2025-09-24 07:00,8.113680502335582
2025-09-24 08:00,7.107174597138866
2025-09-24 09:00,12.995003748756847
2025-09-24 10:00,23.27324533412109
2025-09-24 11:00,18.489557274603612
2025-09-24 12:00,23.686814610775173
2025-09-24 13:00,22.238606313756577
2025-09-24 14:00,24.20633370643018
2025-09-24 15:00,24.942451793433634
2025-09-24 16:00,21.063088285284806
2025-09-24 17:00,19.487763311735833
2025-09-24 18:00,16.102907174724937
2025-09-24 19:00,13.649361328011537
2025-09-24 20:00,6.984866776839594
2025-09-24 21:00,7.152010828728192
2025-09-24 22:00,6.449961093308198
2025-09-24 23:00,2.0774346050422174
2025-09-25 00:00,2.3743345301242442
2025-09-25 01:00,0.1608064597435166
2025-09-25 02:00,1.0088364496292588
2025-09-25 03:00,0.4196260772980451
2025-09-25 04:00,0.6838494482548543
2025-09-25 05:00,2.5393237128492223
2025-09-25 06:00,0.7282193879911678
2025-09-25 07:00,4.029602101653925
2025-09-25 08:00,7.179610300276913
2025-09-25 09:00,1.5123739384872386
2025-09-25 10:00,0.5494145999416442
2025-09-25 11:00,0.2361033289830901
2025-09-25 12:00,0.12071257079715027
2025-09-25 13:00,0.13448974236488997
2025-09-25 14:00,0.24561040274381285
2025-09-25 15:00,0.0458223433032183
2025-09-25 16:00,0.11080263999024123
2025-09-25 17:00,0.3433171125310794
2025-09-25 18:00,0.38076959337215843
2025-09-25 19:00,0.1386410425866869
2025-09-25 20:00,0.4484693223174438
2025-09-25 21:00,1.6930111194286952
2025-09-25 22:00,1.1677834379521648
2025-09-25 23:00,1.0225661042575895
2025-09-26 00:00,1.3014349097244726
2025-09-26 01:00,1.199413227993189
2025-09-26 02:00,3.747036570760545
2025-09-26 03:00,8.292375103341175
2025-09-26 04:00,7.054242685252414
2025-09-26 05:00,10.589775455332898
2025-09-26 06:00,7.528140759204902
2025-09-26 07:00,5.4471299252900245
2025-09-26 08:00,3.847797922185555
2025-09-26 09:00,5.035053429412287
2025-09-26 10:00,3.4378795157520194
2025-09-26 11:00,4.575420492074555
2025-09-26 12:00,5.315231815414839
2025-09-26 13:00,6.474945741005101
2025-09-26 14:00,7.85438320067047
2025-09-26 15:00,8.385306002650982
2025-09-26 16:00,9.067348985749733
2025-09-26 17:00,9.64404745793319
2025-09-26 18:00,10.278077203982324
2025-09-26 19:00,5.669751049406556
2025-09-26 20:00,8.96406014882019
2025-09-26 21:00,6.12503159462309
2025-09-26 22:00,6.636768601762558
2025-09-26 23:00,9.567507054188972
2025-09-27 00:00,0.9228960878313377
2025-09-27 01:00,0.7359331384207879
2025-09-27 02:00,0.7324209644300127
2025-09-27 03:00,0.5644429735506893
2025-09-27 04:00,0.9459947901640433
2025-09-27 05:00,0.32325768994473275
2025-09-27 06:00,0.5471738348450077
2025-09-27 07:00,0.06651167435495325
2025-09-27 08:00,0.39111787092315053
2025-09-27 09:00,0.03340326267563732
2025-09-27 10:00,0.05581305186737423
2025-09-27 11:00,1.6337771687027964
2025-09-27 12:00,1.4387437521635813
2025-09-27 13:00,1.5358154435627767
2025-09-27 14:00,3.7651340616587525
2025-09-27 15:00,6.451177091154449
2025-09-27 16:00,4.231731460136822
2025-09-27 17:00,1.0366892065686986
2025-09-27 18:00,3.990284823513071
2025-09-27 19:00,0.6142555142014255
2025-09-27 20:00,0.6194086710189328
2025-09-27 21:00,0.03823721973943628
2025-09-27 22:00,0.4305947502627593
2025-09-27 23:00,0.09010017763371903
2025-09-28 00:00,0.04289034299165617
2025-09-28 01:00,0.07887335015133884
2025-09-28 02:00,0.9290279743577999
2025-09-28 03:00,2.4707832457263974
2025-09-28 04:00,4.8165100580318505
2025-09-28 05:00,6.906095299433141
2025-09-28 06:00,10.025595584903543
2025-09-28 07:00,24.92730638835159
2025-09-28 08:00,17.666902091433087
2025-09-28 09:00,18.799660002313736
2025-09-28 10:00,25.30480283781008
2025-09-28 11:00,21.314128552211898
2025-09-28 12:00,14.786348395845849
2025-09-28 13:00,13.085598230994563
2025-09-28 14:00,17.780560769646485
2025-09-28 15:00,4.767118789228918
2025-09-28 16:00,2.2481187934798283
2025-09-28 17:00,1.529591272313425
2025-09-28 18:00,3.054420348482551
2025-09-28 19:00,2.915994187771016
2025-09-28 20:00,1.9186624228599476
2025-09-28 21:00,4.817343834219658
2025-09-28 22:00,2.7281840491127545
2025-09-28 23:00,4.103043123756098
2025-09-29 00:00,1.1862322195232673
2025-09-29 01:00,0.5846425227139562
2025-09-29 02:00,2.7557043204566005
2025-09-29 03:00,0.1749634898298088
2025-09-29 04:00,2.8579383505492086
2025-09-29 05:00,4.507141454720134
2025-09-29 06:00,0.978554038596967
2025-09-29 07:00,1.7361163292604465
2025-09-29 08:00,1.0268969201490559
2025-09-29 09:00,1.3689684438961724
2025-09-29 10:00,1.6432048548044154
2025-09-29 11:00,0.9095352995225484
2025-09-29 12:00,0.7606248406809046
2025-09-29 13:00,0.9737360041634361
2025-09-29 14:00,1.161981550706896
2025-09-29 15:00,1.0145216231835579
2025-09-29 16:00,0.7476421201741552
2025-09-29 17:00,0.7523913006168447
2025-09-29 18:00,2.0349115053436346
2025-09-29 19:00,1.0611681452495865
2025-09-29 20:00,1.009668718951327
2025-09-29 21:00,0.37148262156389744
2025-09-29 22:00,0.22857877124679005
2025-09-29 23:00,0.18104479285435982
2025-09-30 00:00,0.1498668461551505
2025-09-30 01:00,0.5217072055439856
2025-09-30 02:00,0.010077076322026339
2025-09-30 03:00,0.030937841859467827
2025-09-30 04:00,0.028552541632347328
2025-09-30 05:00,0.030393805217646203
2025-09-30 06:00,0.07012835357007455
2025-09-30 07:00,0.06858164315199454
2025-09-30 08:00,0.029238438152156987
2025-09-30 09:00,0.006409649283796779
2025-09-30 10:00,0.32174990369141077
2025-09-30 11:00,0.4882034711294851
2025-09-30 12:00,0.5282564746906591
2025-09-30 13:00,0.49741813344111274
2025-09-30 14:00,2.178411221975272
2025-09-30 15:00,0.9806653255101834
2025-09-30 16:00,1.1755785585972234
2025-09-30 17:00,4.699946795212572
2025-09-30 18:00,2.8120683459385365
2025-09-30 19:00,2.221094463605919
2025-09-30 20:00,1.4999959814186148
2025-09-30 21:00,1.6432477920846142
2025-09-30 22:00,0.47630495795009037
2025-09-30 23:00,0.6715208923826378
2025-10-01 00:00,0.9731383027781291
2025-10-01 01:00,1.0827066362679894
2025-10-01 02:00,1.3174531936672729
2025-10-01 03:00,1.4345965641255747
2025-10-01 04:00,1.505517111474267
2025-10-01 05:00,1.3607083975148466
2025-10-01 06:00,1.666526396242023
2025-10-01 07:00,1.3201541357611397
2025-10-01 08:00,0.5327393537231293
2025-10-01 09:00,1.064641304303359
2025-10-01 10:00,0.7369993652269315
2025-10-01 11:00,1.2164803361462342
2025-10-01 12:00,1.5783416425086454
2025-10-01 13:00,2.738023388211955
2025-10-01 14:00,3.6309895107885133
2025-10-01 15:00,5.040945698990888
2025-10-01 16:00,9.173458592662342
2025-10-01 17:00,9.154787664440901
2025-10-01 18:00,9.534588503777524
2025-10-01 19:00,6.769231136610584
2025-10-01 20:00,4.2512275793520224
2025-10-01 21:00,6.307561198586994
2025-10-01 22:00,1.725842113783892
2025-10-01 23:00,0.967705576868495
2025-10-02 00:00,2.360364626700573
2025-10-02 01:00,0.5692334453978167
2025-10-02 02:00,0.7843474653639622
2025-10-02 03:00,0.6619051041194994
2025-10-02 04:00,0.6375124918710379
2025-10-02 05:00,0.6499822311827413
2025-10-02 06:00,0.6936911900565318
2025-10-02 07:00,0.5760206607650644
2025-10-02 08:00,1.0903896174521963
2025-10-02 09:00,0.5223123081981278
2025-10-02 10:00,0.34918996628346266
2025-10-02 11:00,0.40725766390801177
2025-10-02 12:00,1.1471162078875972
2025-10-02 13:00,0.6800815883295277
2025-10-02 14:00,0.6275294331634536
2025-10-02 15:00,0.7322091131342581
2025-10-02 16:00,0.8819306687918524
2025-10-02 17:00,1.2716095898685429
2025-10-02 18:00,1.4884674851638309
2025-10-02 19:00,0.9382938136524266
2025-10-02 20:00,1.6129802923783176
2025-10-02 21:00,1.027690384472658
2025-10-02 22:00,1.5150504008642294
2025-10-02 23:00,4.5229771656077205
2025-10-03 00:00,1.3855718740809562
2025-10-03 01:00,1.4133405110090318
2025-10-03 02:00,7.5408039864070915
2025-10-03 03:00,2.612199967494324
2025-10-03 04:00,4.232573565523191
2025-10-03 05:00,12.181694403722316
2025-10-03 06:00,10.107842840749825
2025-10-03 07:00,11.415721283144233
2025-10-03 08:00,33.16396337146915
2025-10-03 09:00,24.152212690203395
2025-10-03 10:00,18.30636660144995
2025-10-03 11:00,26.153190596385535
2025-10-03 12:00,13.590188440646903
2025-10-03 13:00,5.602368818734524
2025-10-03 14:00,8.426540712134315
2025-10-03 15:00,13.270662436987655
2025-10-03 16:00,17.20868179251957
2025-10-03 17:00,18.58655823648258
2025-10-03 18:00,31.101426887070758
2025-10-03 19:00,32.125649008300144
2025-10-03 20:00,30.648424872642885
2025-10-03 21:00,41.11829254406935
2025-10-03 22:00,34.57393402150773
2025-10-03 23:00,23.90215079073457
2025-10-04 00:00,1.151475990789503
2025-10-04 01:00,0.77253089723027
2025-10-04 02:00,0.7257108597281852
2025-10-04 03:00,0.8992721677567888
2025-10-04 04:00,0.7273171969085857
2025-10-04 05:00,0.5623610907054257
2025-10-04 06:00,0.5566573682301346
2025-10-04 07:00,0.5141957094710312
2025-10-04 08:00,0.5254134759720923
2025-10-04 09:00,1.1431127662526115
2025-10-04 10:00,0.43860584355431675
2025-10-04 11:00,1.2080409360851654
2025-10-04 12:00,4.754413348809212
2025-10-04 13:00,1.8799907741805928
2025-10-04 14:00,1.322062786921006
2025-10-04 15:00,1.8959711224436708
2025-10-04 16:00,2.6839012959182442
2025-10-04 17:00,1.856378950684395
2025-10-04 18:00,1.791232452064055
2025-10-04 19:00,2.6709499860485617
2025-10-04 20:00,1.202811699377044
2025-10-04 21:00,1.8182305881741496
2025-10-04 22:00,2.370545291049851
2025-10-04 23:00,1.5196693625046453
2025-10-05 00:00,0.6400554966164917
2025-10-05 01:00,0.6778207431168985
2025-10-05 02:00,1.4067933458931794
2025-10-05 03:00,0.9000076931102432
2025-10-05 04:00,0.4832392112821805
2025-10-05 05:00,1.086174588434936
2025-10-05 06:00,1.5204514360366237
2025-10-05 07:00,1.155753231226507
2025-10-05 08:00,0.4782576398690521
2025-10-05 09:00,0.45464776825611486
2025-10-05 10:00,0.42302215046849667
2025-10-05 11:00,0.41305877832109916
2025-10-05 12:00,0.41252155585206635
2025-10-05 13:00,0.5608547086504047
2025-10-05 14:00,0.43024390595768414
2025-10-05 15:00,0.44895992549155994
2025-10-05 16:00,0.6464700445502185
2025-10-05 17:00,1.0775667911000644
2025-10-05 18:00,1.1173753688682164
2025-10-05 19:00,1.0097473980838474
2025-10-05 20:00,1.1883258238665375
2025-10-05 21:00,1.437362253902377
2025-10-05 22:00,1.1223109828830622
2025-10-05 23:00,1.0778313420974055
2025-10-06 00:00,1.2758259595927437
2025-10-06 01:00,0.5254288962526157
2025-10-06 02:00,0.5546961678516227
2025-10-06 03:00,0.535412787678874
2025-10-06 04:00,0.5886190635882146
2025-10-06 05:00,1.2294963026112047
2025-10-06 06:00,0.8215863594797361
2025-10-06 07:00,1.163090976516315
2025-10-06 08:00,2.711135146387771
2025-10-06 09:00,2.0113898513026407
2025-10-06 10:00,4.242877267396989
2025-10-06 11:00,8.358371360252818
2025-10-06 12:00,5.446320574306061
2025-10-06 13:00,4.273108616441087
2025-10-06 14:00,8.85075958240667
2025-10-06 15:00,13.77512011847726
2025-10-06 16:00,22.190096990713567
2025-10-06 17:00,18.278768102446932
2025-10-06 18:00,31.641149286054073
2025-10-06 19:00,43.87242297708321
2025-10-06 20:00,48.608687213651336
2025-10-06 21:00,51.46013939706061
2025-10-06 22:00,49.9169773630179
2025-10-06 23:00,43.24812573008346
2025-10-07 00:00,46.468873003021244
2025-10-07 01:00,43.27624395123989
2025-10-07 02:00,47.77822106788562
2025-10-07 03:00,41.569797619762554
2025-10-07 04:00,37.115151269135886
2025-10-07 05:00,29.774363453512407
2025-10-07 06:00,22.633592919067873
2025-10-07 07:00,11.14547867851968
2025-10-07 08:00,2.5565020992060545
2025-10-07 09:00,0.8745186750692173
2025-10-07 10:00,0.9157382952924246
2025-10-07 11:00,0.8412779894154584
2025-10-07 12:00,1.0060492856827856
2025-10-07 13:00,1.350463219834078
2025-10-07 14:00,0.7445232287237364
2025-10-07 15:00,1.6265235346622218
2025-10-07 16:00,2.6187765815859025
2025-10-07 17:00,1.6974605084074177
2025-10-07 18:00,1.6028596833985875
2025-10-07 19:00,2.179516065811492
2025-10-07 20:00,2.106898905035205
2025-10-07 21:00,1.1407358203200453
2025-10-07 22:00,1.0344485777002852
2025-10-07 23:00,0.8642062266423339
2025-10-08 00:00,0.7596970271142531
2025-10-08 01:00,1.4045588275998804
2025-10-08 02:00,1.9631571982186835
2025-10-08 03:00,2.5650748488729658
2025-10-08 04:00,6.374420545250962
2025-10-08 05:00,8.941034524479646
2025-10-08 06:00,6.875783659114497
2025-10-08 07:00,12.910369578024305
2025-10-08 08:00,16.915217955706378
2025-10-08 09:00,10.103306969712815
2025-10-08 10:00,11.715888765674595
2025-10-08 11:00,11.239118111109176
2025-10-08 12:00,10.05634457826658
2025-10-08 13:00,13.248829170757572
2025-10-08 14:00,13.667458997108078
2025-10-08 15:00,15.200300813889907
2025-10-08 16:00,13.879641470014217
2025-10-08 17:00,12.068633648887399
2025-10-08 18:00,11.236121693850706
2025-10-08 19:00,4.830870698282867
2025-10-08 20:00,4.046451057826173
2025-10-08 21:00,4.391112513832228
2025-10-08 22:00,2.455147768546153
2025-10-08 23:00,2.6212369102581894
2025-10-09 00:00,1.2138793790640292
2025-10-09 01:00,1.1136155961703276
2025-10-09 02:00,1.0881040476970574
2025-10-09 03:00,0.8900601915848767
2025-10-09 04:00,1.1302723864688058
2025-10-09 05:00,1.7347589896683602
2025-10-09 06:00,1.4575392674218306
2025-10-09 07:00,3.024828577115226
2025-10-09 08:00,3.4210220531539752
2025-10-09 09:00,1.858637720172346
2025-10-09 10:00,1.4756740072490344
2025-10-09 11:00,1.1939619380262834
2025-10-09 12:00,0.7291822045280011
2025-10-09 13:00,0.45284475769061805
2025-10-09 14:00,0.6290130922883951
2025-10-09 15:00,1.471718718185271
2025-10-09 16:00,2.943412545058864
2025-10-09 17:00,4.121126288686803
2025-10-09 18:00,6.014445937017347
2025-10-09 19:00,3.4594645900087535
2025-10-09 20:00,11.252219184179943
2025-10-09 21:00,13.253432582769284
2025-10-09 22:00,3.982072349602638
2025-10-09 23:00,8.321176417408148
2025-10-10 00:00,8.138276019187446
2025-10-10 01:00,6.394192549800133
2025-10-10 02:00,5.905721350261304
2025-10-10 03:00,4.015344232213686
2025-10-10 04:00,3.5871101117903743
2025-10-10 05:00,3.16407462043159
2025-10-10 06:00,2.9070669425777296
2025-10-10 07:00,1.4454646643899456
2025-10-10 08:00,1.7660475841279848
2025-10-10 09:00,0.792250008659108
2025-10-10 10:00,0.6144407162029233
2025-10-10 11:00,0.770131883331876
2025-10-10 12:00,0.6467271757358264
2025-10-10 13:00,0.7133923972467829
2025-10-10 14:00,2.088921505327832
2025-10-10 15:00,1.7497378332899274
2025-10-10 16:00,2.451880254974639
2025-10-10 17:00,2.9370808302681435
2025-10-10 18:00,2.958146297517529
2025-10-10 19:00,3.329041945874377
2025-10-10 20:00,2.4066274708261544
2025-10-10 21:00,0.9564726110552635
2025-10-10 22:00,2.3084320821703965
2025-10-10 23:00,2.1368783751198404
2025-10-11 00:00,3.6555458619340992
2025-10-11 01:00,1.360555890222244
2025-10-11 02:00,0.9965846649964215
2025-10-11 03:00,0.9138425657726486
2025-10-11 04:00,0.7091444750272942
2025-10-11 05:00,0.8295072315593396
2025-10-11 06:00,0.7406439660245767
2025-10-11 07:00,1.278750231553155
2025-10-11 08:00,2.2511636981419976
2025-10-11 09:00,1.8378090259740216
2025-10-11 10:00,2.795716985100759
2025-10-11 11:00,4.218027008937751
2025-10-11 12:00,2.234631873347253
2025-10-11 13:00,2.237406473510518
2025-10-11 14:00,2.9786461317478805
2025-10-11 15:00,1.2926756126669796
2025-10-11 16:00,1.5516698514729435
2025-10-11 17:00,2.9343270267768515
2025-10-11 18:00,2.8525480895372506
2025-10-11 19:00,2.808173474469585
2025-10-11 20:00,4.508852905467428
2025-10-11 21:00,5.536896867626024
2025-10-11 22:00,5.173641735581434
2025-10-11 23:00,7.72342722192942
2025-10-12 00:00,9.883741043147612
2025-10-12 01:00,4.455904948879686
2025-10-12 02:00,2.6038520308018542
2025-10-12 03:00,1.6353711513346818
2025-10-12 04:00,1.2474810636593268
2025-10-12 05:00,1.5465989878650928
2025-10-12 06:00,3.3579434310194554
2025-10-12 07:00,2.1327823296150585
2025-10-12 08:00,2.6077771567342722
2025-10-12 09:00,3.4303206788390477
2025-10-12 10:00,5.014436620461143
2025-10-12 11:00,4.323502302558296
2025-10-12 12:00,3.7948772002909905
2025-10-12 13:00,3.491190557619415
2025-10-12 14:00,3.3185406927689103
2025-10-12 15:00,2.94345313755965
2025-10-12 16:00,3.256946653051804
2025-10-12 17:00,3.5314931390130875
2025-10-12 18:00,2.4571577715018327
2025-10-12 19:00,2.2639868703660513
2025-10-12 20:00,1.2460792312899454
2025-10-12 21:00,1.07422291268061
2025-10-12 22:00,1.6615575051323912
2025-10-12 23:00,0.9513214185142833
2025-10-13 00:00,0.7963615310102082
2025-10-13 01:00,0.668380255907978
2025-10-13 02:00,1.0364277600837433
2025-10-13 03:00,0.758423444621637
2025-10-13 04:00,1.1613650463506027
2025-10-13 05:00,0.7037669868955467
2025-10-13 06:00,1.532328148516624
2025-10-13 07:00,4.275636541517629
2025-10-13 08:00,5.479164678597014
2025-10-13 09:00,4.405170763494379
2025-10-13 10:00,23.532569678764784
2025-10-13 11:00,19.923096220034278
2025-10-13 12:00,14.39203532408781
2025-10-13 13:00,26.564152356774542
2025-10-13 14:00,29.843891559144545
2025-10-13 15:00,38.709013919121645
2025-10-13 16:00,40.55813371171077
2025-10-13 17:00,27.43602190731557
2025-10-13 18:00,24.986225680069722
2025-10-13 19:00,24.943789468557085
2025-10-13 20:00,13.966463895171334
2025-10-13 21:00,15.383766213871837
2025-10-13 22:00,5.024159597142681
2025-10-13 23:00,2.7267605818256113
2025-10-14 00:00,3.699435480072773
2025-10-14 01:00,5.542968674200328
2025-10-14 02:00,4.150331740465553
2025-10-14 03:00,9.027912373825535
2025-10-14 04:00,10.441249465706758
2025-10-14 05:00,6.035598415688657
2025-10-14 06:00,7.495825863760036
2025-10-14 07:00,9.005563052681694
2025-10-14 08:00,5.824243094119122
2025-10-14 09:00,4.441699343823254
2025-10-14 10:00,1.9664670506295172
2025-10-14 11:00,2.0201924572882133
2025-10-14 12:00,1.31375811133717
2025-10-14 13:00,1.0703454625246525
2025-10-14 14:00,2.73926395416407
2025-10-14 15:00,2.3903865544762457
2025-10-14 16:00,2.9428147689931166
2025-10-14 17:00,3.3916888420205265
2025-10-14 18:00,5.480339822230367
2025-10-14 19:00,6.104602026472417
2025-10-14 20:00,6.893919575453726
2025-10-14 21:00,6.452834863833856
2025-10-14 22:00,3.488128942203895
2025-10-14 23:00,7.561910027527527
2025-10-15 00:00,1.8886017171547231
2025-10-15 01:00,1.1975462827654546
2025-10-15 02:00,1.2336327278857162
2025-10-15 03:00,1.9157900147544942
2025-10-15 04:00,0.9579323057093747
2025-10-15 05:00,1.9398193410410478
2025-10-15 06:00,1.378146960536214
2025-10-15 07:00,1.5358100200253366
2025-10-15 08:00,1.7477757490094326
2025-10-15 09:00,0.7676233314666068
2025-10-15 10:00,0.7645204797777222
2025-10-15 11:00,0.7499157101490745
2025-10-15 12:00,0.4545712165793342
2025-10-15 13:00,0.8371042490176581
2025-10-15 14:00,0.8911681899609706
2025-10-15 15:00,2.5656914376675926
2025-10-15 16:00,3.777485224023777
2025-10-15 17:00,4.409254997354804
2025-10-15 18:00,8.02503529999867
2025-10-15 19:00,13.617444722652376
2025-10-15 20:00,11.5308784293149
2025-10-15 21:00,13.431452092391744
2025-10-15 22:00,23.837537769782223
2025-10-15 23:00,15.803373802308348
2025-10-16 00:00,44.20041824385524
2025-10-16 01:00,52.63659391938715
2025-10-16 02:00,51.16445359942921
2025-10-16 03:00,46.61687719089379
2025-10-16 04:00,42.91828322721109
2025-10-16 05:00,40.419010265355325
2025-10-16 06:00,19.540214780087368
2025-10-16 07:00,11.93361899995859
2025-10-16 08:00,11.630481077100782
2025-10-16 09:00,6.052784820449035
2025-10-16 10:00,7.459100999515707
2025-10-16 11:00,3.0757070701688853
2025-10-16 12:00,8.267314055675321
2025-10-16 13:00,8.328473289381806
2025-10-16 14:00,11.948352312286431
2025-10-16 15:00,17.962683503503975
2025-10-16 16:00,17.052403377360974
2025-10-16 17:00,19.79340120945014
2025-10-16 18:00,22.799658632769347
2025-10-16 19:00,24.154791051565034
2025-10-16 20:00,20.8168810186487
2025-10-16 21:00,20.38987350819386
2025-10-16 22:00,26.8643992094473
2025-10-16 23:00,21.98134558682388
2025-10-17 00:00,4.40905336129355
2025-10-17 01:00,1.668320293260483
2025-10-17 02:00,1.64478949170271
2025-10-17 03:00,1.2044728350023188
2025-10-17 04:00,1.335993889460943
2025-10-17 05:00,1.420701880469078
2025-10-17 06:00,1.697673970186896
2025-10-17 07:00,1.9943335604996733
2025-10-17 08:00,1.11825163013789
2025-10-17 09:00,1.0046594378070506
2025-10-17 10:00,0.8145011356652102
2025-10-17 11:00,1.1696425050896107
2025-10-17 12:00,0.6734212269822198
2025-10-17 13:00,0.6260961026316747
2025-10-17 14:00,1.2030922798201709
2025-10-17 15:00,3.3150549478978233
2025-10-17 16:00,3.6265554010979706
2025-10-17 17:00,4.564381862669597
2025-10-17 18:00,5.134661462598632
2025-10-17 19:00,18.316752079981185
2025-10-17 20:00,15.495199099226085
2025-10-17 21:00,4.901123619347674
2025-10-17 22:00,30.78690561433865
2025-10-17 23:00,25.353653613743447
2025-10-18 00:00,13.915840638372302
2025-10-18 01:00,17.953270530870192
2025-10-18 02:00,31.829856349880405
2025-10-18 03:00,40.19827554138769
2025-10-18 04:00,30.839723660096567
2025-10-18 05:00,27.268207287032055
2025-10-18 06:00,21.62802532551448
2025-10-18 07:00,21.875830961867138
2025-10-18 08:00,19.90072168567299
2025-10-18 09:00,23.981650814378888
2025-10-18 10:00,28.76774399007328
2025-10-18 11:00,29.29245482048388
2025-10-18 12:00,37.07915247871021
2025-10-18 13:00,39.009302619082334
2025-10-18 14:00,37.52373845813591
2025-10-18 15:00,29.077426348550755
2025-10-18 16:00,26.02238627732136
2025-10-18 17:00,24.5351163426487
2025-10-18 18:00,20.18838956632385
2025-10-18 19:00,16.938432140917655
2025-10-18 20:00,14.543012635940148
2025-10-18 21:00,10.83293548643356
2025-10-18 22:00,11.229790372678586
2025-10-18 23:00,7.800730272809976
2025-10-19 00:00,4.750051257399679
2025-10-19 01:00,2.8292567523323027
2025-10-19 02:00,2.2111816934266635
2025-10-19 03:00,2.1041695857605394
2025-10-19 04:00,3.451121911353578
2025-10-19 05:00,4.1226158896797624
2025-10-19 06:00,4.805069055096116
2025-10-19 07:00,1.579569860355285
2025-10-19 08:00,1.3885084448237388
2025-10-19 09:00,0.5536003874278421
2025-10-19 10:00,0.4671454380269869
2025-10-19 11:00,3.2637086697681865
2025-10-19 12:00,5.931382569644848
2025-10-19 13:00,12.93317122333049
2025-10-19 14:00,19.718570325072726
2025-10-19 15:00,26.221417752605973
2025-10-19 16:00,36.05236801810052
2025-10-19 17:00,44.38563630013985
2025-10-19 18:00,51.81674980568423
2025-10-19 19:00,51.49965218622185
2025-10-19 20:00,54.22096619426715
2025-10-19 21:00,55.58385340649151
2025-10-19 22:00,51.45780009542318
2025-10-19 23:00,54.997445502708686
2025-10-20 00:00,56.563956547754486
2025-10-20 01:00,57.865094896069024
2025-10-20 02:00,57.36868446040657
2025-10-20 03:00,56.35938204377712
2025-10-20 04:00,49.64308943980453
2025-10-20 05:00,51.56036905881156
2025-10-20 06:00,44.37369563996105
2025-10-20 07:00,41.96287981659769
2025-10-20 08:00,43.49100998346347
2025-10-20 09:00,41.20972596522462
2025-10-20 10:00,36.138192776069495
2025-10-20 11:00,32.997262013105995
2025-10-20 12:00,31.139497676766116
2025-10-20 13:00,35.731791743846486
2025-10-20 14:00,36.093980284543
2025-10-20 15:00,37.826163034858865
2025-10-20 16:00,40.891593072754134
2025-10-20 17:00,39.126843642339416
2025-10-20 18:00,48.30750161752802
2025-10-20 19:00,53.594122915911896
2025-10-20 20:00,38.62046577941788
2025-10-20 21:00,44.53035620995912
2025-10-20 22:00,45.37027621412792
2025-10-20 23:00,36.70606398641638
2025-10-21 00:00,38.690397408686636
2025-10-21 01:00,32.676688888311176
2025-10-21 02:00,34.88901929120033
2025-10-21 03:00,31.507584489851766
2025-10-21 04:00,29.483306175745053
2025-10-21 05:00,29.561245208664285
2025-10-21 06:00,32.84775392524226
2025-10-21 07:00,26.352156157264176
2025-10-21 08:00,23.784072263135783
2025-10-21 09:00,25.79359481624899
2025-10-21 10:00,24.68119242993038
2025-10-21 11:00,23.95323191069279
2025-10-21 12:00,26.22108086088722
2025-10-21 13:00,30.337480205853403
2025-10-21 14:00,30.385799399309967
2025-10-21 15:00,33.74851462895286
2025-10-21 16:00,38.696519570067565
2025-10-21 17:00,33.653767165271184
2025-10-21 18:00,32.70520404508291
2025-10-21 19:00,39.373614972354545
2025-10-21 20:00,28.609795729944338
2025-10-21 21:00,26.124219594934743
2025-10-21 22:00,26.485547850370423
2025-10-21 23:00,18.327540128171627
2025-10-22 00:00,29.112807893948656
2025-10-22 01:00,28.468334826680533
2025-10-22 02:00,28.246377078630765
2025-10-22 03:00,27.304975464459453
2025-10-22 04:00,23.23878644641211
2025-10-22 05:00,25.985401562369574
2025-10-22 06:00,22.11387324891786
2025-10-22 07:00,16.798054015895108
2025-10-22 08:00,20.794001100084998
2025-10-22 09:00,12.080148900726364
2025-10-22 10:00,7.526732235331986
2025-10-22 11:00,9.636626860903654
2025-10-22 12:00,10.201383428658964
2025-10-22 13:00,10.790645721025083
2025-10-22 14:00,15.056172282640329
2025-10-22 15:00,19.328200148731874
2025-10-22 16:00,20.194964803825254
2025-10-22 17:00,17.260364849383873
2025-10-22 18:00,25.62735673855842
2025-10-22 19:00,21.046926033149298
2025-10-22 20:00,12.84421997029824
2025-10-22 21:00,18.589301392198884
2025-10-22 22:00,10.945346245909738
2025-10-22 23:00,4.88571323961665
2025-10-23 00:00,1.502871409224884
2025-10-23 01:00,3.1647681556331744
2025-10-23 02:00,6.031963706433331
2025-10-23 03:00,4.170473659116897
2025-10-23 04:00,5.848691796334353
2025-10-23 05:00,6.037030782219521
2025-10-23 06:00,8.207472493963479
2025-10-23 07:00,1.6864827654214793
2025-10-23 08:00,0.5532034008941238
2025-10-23 09:00,1.2024974802942348
2025-10-23 10:00,0.301884975163374
2025-10-23 11:00,1.0098671929632763
2025-10-23 12:00,5.681550878490801
2025-10-23 13:00,8.517823441442498
2025-10-23 14:00,11.484217988909023
2025-10-23 15:00,15.280633375951076
2025-10-23 16:00,20.12963472386225
2025-10-23 17:00,23.678823570628598
2025-10-23 18:00,26.72393652361604
2025-10-23 19:00,20.98387041589442
2025-10-23 20:00,12.174566397571525
2025-10-23 21:00,14.76469547129238
2025-10-23 22:00,14.338586438167452
2025-10-23 23:00,8.623665168621901
2025-10-24 00:00,18.63946882688496
2025-10-24 01:00,19.390008750515257
2025-10-24 02:00,10.2023602208953
2025-10-24 03:00,16.63024301914553
2025-10-24 04:00,13.66025619842479
2025-10-24 05:00,11.468546475787527
2025-10-24 06:00,5.673918175928833
2025-10-24 07:00,4.460670749478156
2025-10-24 08:00,4.969511069745133
2025-10-24 09:00,2.6715506094981394
2025-10-24 10:00,2.5242751571120214
2025-10-24 11:00,2.74761159138742
2025-10-24 12:00,2.749866430215689
2025-10-24 13:00,6.147851778414
2025-10-24 14:00,9.436151692682836
2025-10-24 15:00,11.58457266355853
2025-10-24 16:00,9.962857749367632
2025-10-24 17:00,12.023646043044216
2025-10-24 18:00,18.984713916775224
2025-10-24 19:00,8.282990508259694
2025-10-24 20:00,4.036967094080074
2025-10-24 21:00,3.548693345765929
2025-10-24 22:00,3.176394524796723
2025-10-24 23:00,2.993986174238956
2025-10-25 00:00,0.6224893151090161
2025-10-25 01:00,0.6011569033580109
2025-10-25 02:00,1.7616156891795653
2025-10-25 03:00,1.279755230489222
2025-10-25 04:00,1.2336248865554795
2025-10-25 05:00,1.1390141140090315
2025-10-25 06:00,2.994048589509824
2025-10-25 07:00,5.717567102470898
2025-10-25 08:00,5.090961549298947
2025-10-25 09:00,7.070373072054181
2025-10-25 10:00,8.979549101369614
2025-10-25 11:00,13.174154742265733
2025-10-25 12:00,12.751640879033664
2025-10-25 13:00,14.042829043874782
2025-10-25 14:00,18.153558379843965
2025-10-25 15:00,21.0946820861725
2025-10-25 16:00,30.038496109963262
2025-10-25 17:00,31.721197184104312
2025-10-25 18:00,37.84251380765546
2025-10-25 19:00,36.197011602311264
2025-10-25 20:00,21.285604996537764
2025-10-25 21:00,18.309009452590338
2025-10-25 22:00,25.44339655179358
2025-10-25 23:00,13.523807039732159
2025-10-26 00:00,6.856004460404797
2025-10-26 01:00,9.8965252469335
2025-10-26 02:00,6.983333759709307
2025-10-26 03:00,12.474736857107665
2025-10-26 04:00,13.918792668993824
2025-10-26 05:00,15.594128056580033
2025-10-26 06:00,12.331556935690184
2025-10-26 07:00,9.717817271604643
2025-10-26 08:00,10.62651704963429
2025-10-26 09:00,7.118703850806598
2025-10-26 10:00,9.712546751919401
2025-10-26 11:00,17.810818326809212
2025-10-26 12:00,16.5718687240798
2025-10-26 13:00,19.542670160146137
2025-10-26 14:00,33.72047310253168
2025-10-26 15:00,33.77593909976321
2025-10-26 16:00,34.39030073808152
2025-10-26 17:00,27.730445985330924
2025-10-26 18:00,23.481370717541555
2025-10-26 19:00,25.592039341875317
2025-10-26 20:00,19.341228375594284
2025-10-26 21:00,24.67275164195543
2025-10-26 22:00,13.885296410982129
2025-10-26 23:00,13.548736282383318
2025-10-27 00:00,38.11334138808519
2025-10-27 01:00,50.069248000027955
2025-10-27 02:00,61.6836043747225
2025-10-27 03:00,60.90522132653801
2025-10-27 04:00,61.80719021293364
2025-10-27 05:00,59.015080267403896
2025-10-27 06:00,59.25214127853477
2025-10-27 07:00,56.31082505446692
2025-10-27 08:00,47.64784048252356
2025-10-27 09:00,32.96583991072043
2025-10-27 10:00,35.7315925622111
2025-10-27 11:00,20.52464240829228
2025-10-27 12:00,28.474680419726077
2025-10-27 13:00,34.82432251626992
2025-10-27 14:00,44.36913797147318
2025-10-27 15:00,48.74587348793476
2025-10-27 16:00,53.556358938425646
2025-10-27 17:00,49.70629635082312
2025-10-27 18:00,38.4923317297728
2025-10-27 19:00,39.042607713200965
2025-10-27 20:00,29.07431186204257
2025-10-27 21:00,32.98733828585178
2025-10-27 22:00,31.647299278730117
2025-10-27 23:00,13.842593112451373
2025-10-28 00:00,25.808608482069072
2025-10-28 01:00,22.610456980518414
2025-10-28 02:00,16.977807357675715
2025-10-28 03:00,27.23956896077937
2025-10-28 04:00,28.424379569311814
2025-10-28 05:00,19.728755224848364
2025-10-28 06:00,19.68001321445194
2025-10-28 07:00,16.48446136483136
2025-10-28 08:00,15.167639662501061
2025-10-28 09:00,17.81817470214757
2025-10-28 10:00,10.993124888195783
2025-10-28 11:00,9.776118198664687
2025-10-28 12:00,10.376751177217248
2025-10-28 13:00,9.561927593497671
2025-10-28 14:00,9.517044251474719
2025-10-28 15:00,8.998648686921104
2025-10-28 16:00,9.466384086272239
2025-10-28 17:00,7.248350277430904
2025-10-28 18:00,4.742436621691608
2025-10-28 19:00,5.428191702876935
2025-10-28 20:00,8.382013115330253
2025-10-28 21:00,5.546931923396371
2025-10-28 22:00,5.913222012447898
2025-10-28 23:00,8.577276540248718
2025-10-29 00:00,5.731925624498606
2025-10-29 01:00,7.394322841804373
2025-10-29 02:00,5.81910607188606
2025-10-29 03:00,4.346747656965242
2025-10-29 04:00,7.05802636652846
2025-10-29 05:00,5.960721785049917
2025-10-29 06:00,4.898848454818831
2025-10-29 07:00,4.71984898519387
2025-10-29 08:00,6.4409094478195
2025-10-29 09:00,2.5627505276808717
2025-10-29 10:00,1.143586394897997
2025-10-29 11:00,0.9347582257434865
2025-10-29 12:00,1.8327388883651807
2025-10-29 13:00,1.6239586704070739
2025-10-29 14:00,4.9788196239608205
2025-10-29 15:00,5.83487649925377
2025-10-29 16:00,5.774755184580972
2025-10-29 17:00,6.569196171041929
2025-10-29 18:00,10.682921364735371
2025-10-29 19:00,7.746328652281443
2025-10-29 20:00,6.813497018593496
2025-10-29 21:00,4.013527174170525
2025-10-29 22:00,5.748617633178373
2025-10-29 23:00,2.7897460720577323
2025-10-30 00:00,7.804608805008057
2025-10-30 01:00,8.060121253537783
2025-10-30 02:00,8.637699994745422
2025-10-30 03:00,7.789264955315488
2025-10-30 04:00,7.073023456066917
2025-10-30 05:00,6.414300722340051
2025-10-30 06:00,4.991174315465296
2025-10-30 07:00,4.720861413995181
2025-10-30 08:00,5.939286892429485
2025-10-30 09:00,3.0108871178796184
2025-10-30 10:00,0.9163970453743349
2025-10-30 11:00,1.837822203871201
2025-10-30 12:00,2.753458097137241
2025-10-30 13:00,4.621321949541095
2025-10-30 14:00,2.2500969109063016
2025-10-30 15:00,5.371265217075688
2025-10-30 16:00,4.633407925487306
2025-10-30 17:00,4.700388928634856
2025-10-30 18:00,4.437838546542132
2025-10-30 19:00,5.906927689876774
2025-10-30 20:00,5.037368502576417
2025-10-30 21:00,6.2486319280651665
2025-10-30 22:00,4.093805702332903
2025-10-30 23:00,2.5007152438402303
2025-10-31 00:00,5.494388320225042
2025-10-31 01:00,5.123552876446833
2025-10-31 02:00,4.145958398256521
2025-10-31 03:00,5.198734057323
2025-10-31 04:00,4.290869882875144
2025-10-31 05:00,3.553367538379204
2025-10-31 06:00,3.5721479952976476
2025-10-31 07:00,3.412831525366463
2025-10-31 08:00,3.9108064798766518
2025-10-31 09:00,4.391936203490303
2025-10-31 10:00,2.6010827673771244
2025-10-31 11:00,2.3145294196623194
2025-10-31 12:00,2.2073181993685207
2025-10-31 13:00,4.2863725697798145
2025-10-31 14:00,4.349567500783175
2025-10-31 15:00,7.9219073021363045
2025-10-31 16:00,9.339520193623926
2025-10-31 17:00,6.562761167707338
2025-10-31 18:00,12.77360216272114
2025-10-31 19:00,5.785586570540536
2025-10-31 20:00,5.964250335197672
2025-10-31 21:00,6.889224393196038
2025-10-31 22:00,7.575765462100353
2025-10-31 23:00,8.858793116836821
2025-11-01 00:00,4.636202569617672
2025-11-01 01:00,5.454257321399821
2025-11-01 02:00,8.489457919644432
2025-11-01 03:00,16.115354398637592
2025-11-01 04:00,20.215953507835437
2025-11-01 05:00,24.74542232019097
2025-11-01 06:00,35.17135077659307
2025-11-01 07:00,28.978771585948586
2025-11-01 08:00,25.870852927459598
2025-11-01 09:00,28.21877772804758
2025-11-01 10:00,23.784504895950235
2025-11-01 11:00,24.643613189139096
2025-11-01 12:00,26.683268568400607
2025-11-01 13:00,29.155315376271588
2025-11-01 14:00,22.69845326005948
2025-11-01 15:00,20.802402136015395
2025-11-01 16:00,22.196996773152385
2025-11-01 17:00,14.918294266138528
2025-11-01 18:00,16.6414214106143
2025-11-01 19:00,17.395112494462644
2025-11-01 20:00,23.014641378587825
2025-11-01 21:00,16.690008534333103
2025-11-01 22:00,9.788106569575014
2025-11-01 23:00,24.022230896760703
2025-11-02 00:00,41.82363808468949
2025-11-02 01:00,22.78660330224897
2025-11-02 02:00,34.37617440122115
2025-11-02 03:00,43.875030023141655
2025-11-02 04:00,44.88785568385363
2025-11-02 05:00,51.913996754748055
2025-11-02 06:00,46.41134493402669
2025-11-02 07:00,52.010106142999646
2025-11-02 08:00,53.614412967856936
2025-11-02 09:00,57.20886551165364
2025-11-02 10:00,57.90849631386463
2025-11-02 11:00,58.34011429961788
2025-11-02 12:00,58.89790535768263
2025-11-02 13:00,60.939478073308976
2025-11-02 14:00,64.1203499235329
2025-11-02 15:00,57.886841809598394
2025-11-02 16:00,58.24911877594011
2025-11-02 17:00,58.124446051628595
2025-11-02 18:00,59.4802124164217
2025-11-02 19:00,61.903434196002394
2025-11-02 20:00,59.88687802199952
2025-11-02 21:00,57.22268964330442
2025-11-02 22:00,55.33029810089046
2025-11-02 23:00,52.813680828614324
2025-11-03 00:00,49.58364563358356
2025-11-03 01:00,40.81152302184566
2025-11-03 02:00,39.82735461076962
2025-11-03 03:00,27.688272213860404
2025-11-03 04:00,16.52685954213633
2025-11-03 05:00,24.182847666628394
2025-11-03 06:00,9.05598835112807
2025-11-03 07:00,4.657779924656217
2025-11-03 08:00,3.962167414858781
2025-11-03 09:00,6.290152171809046
2025-11-03 10:00,6.85400574949729
2025-11-03 11:00,5.44800322036301
2025-11-03 12:00,6.692576343156773
2025-11-03 13:00,6.66322481680855
2025-11-03 14:00,6.535159772977289
2025-11-03 15:00,7.565794950702274
2025-11-03 16:00,5.330053595759766
2025-11-03 17:00,8.381714929266906
2025-11-03 18:00,7.727105207996953
2025-11-03 19:00,3.20184970831641
2025-11-03 20:00,3.2496434158092
2025-11-03 21:00,1.9835194929065185
2025-11-03 22:00,2.6153943034493357
2025-11-03 23:00,1.8918433802338215
2025-11-04 00:00,2.9811367505005117
2025-11-04 01:00,3.330535921307696
2025-11-04 02:00,2.3942768607255553
2025-11-04 03:00,4.086093235156827
2025-11-04 04:00,3.043605649858618
2025-11-04 05:00,4.561689276191072
2025-11-04 06:00,3.164210055915912
2025-11-04 07:00,1.4207878363910356
2025-11-04 08:00,3.231234569766322
2025-11-04 09:00,1.4003080888413237
2025-11-04 10:00,0.6885271787136548
2025-11-04 11:00,0.6656337215633411
2025-11-04 12:00,0.8798883484956929
2025-11-04 13:00,2.730867401669089
2025-11-04 14:00,3.037668204686179
2025-11-04 15:00,5.868242433857251
2025-11-04 16:00,6.2157520413459295
2025-11-04 17:00,9.3324712738943
2025-11-04 18:00,14.576715112978377
2025-11-04 19:00,14.422436454362607
2025-11-04 20:00,11.25450520264199
2025-11-04 21:00,9.052187300601886
2025-11-04 22:00,8.038569511986621
2025-11-04 23:00,8.29354871466155
2025-11-05 00:00,8.285829970832523
2025-11-05 01:00,9.826194822999273
2025-11-05 02:00,8.243673086847249
2025-11-05 03:00,8.177746268209278
2025-11-05 04:00,7.559448347201874
2025-11-05 05:00,6.598757503234758
2025-11-05 06:00,6.141003437059686
2025-11-05 07:00,3.4707924429520194
2025-11-05 08:00,3.070677174286809
2025-11-05 09:00,2.911852955035343
2025-11-05 10:00,2.158441029411213
2025-11-05 11:00,1.7319633647872652
2025-11-05 12:00,5.1933782471334755
2025-11-05 13:00,6.540489937192575
2025-11-05 14:00,6.677338433497347
2025-11-05 15:00,10.18708240950297
2025-11-05 16:00,11.103451578411558
2025-11-05 17:00,10.008760949619443
2025-11-05 18:00,10.98606941311548
2025-11-05 19:00,6.48247881577497
2025-11-05 20:00,4.897340467232329
2025-11-05 21:00,4.7518347105314165
2025-11-05 22:00,2.1735108358375874
2025-11-05 23:00,4.523578611616143
2025-11-06 00:00,8.140675108011036
2025-11-06 01:00,7.239655157542194
2025-11-06 02:00,9.577469687140567
2025-11-06 03:00,7.389031808681583
2025-11-06 04:00,4.233852650542017
2025-11-06 05:00,8.199435743252595
2025-11-06 06:00,4.617457514607052
2025-11-06 07:00,4.084061218828177
2025-11-06 08:00,3.9647829242121144
2025-11-06 09:00,5.671365659503582
2025-11-06 10:00,4.597038463471636
2025-11-06 11:00,7.238405181088659
2025-11-06 12:00,16.52141572188628
2025-11-06 13:00,16.05881739442056
2025-11-06 14:00,17.33857790051054
2025-11-06 15:00,17.386970391906523
2025-11-06 16:00,19.27412556902954
2025-11-06 17:00,12.288968405226928
2025-11-06 18:00,11.254362362829173
2025-11-06 19:00,10.979118127556607
2025-11-06 20:00,5.577918444916964
2025-11-06 21:00,7.2736717422677994
2025-11-06 22:00,10.436853382679129
2025-11-06 23:00,6.524393958812814
2025-11-07 00:00,2.914934883944109
2025-11-07 01:00,1.0531563793417527
2025-11-07 02:00,0.9271384071674242
2025-11-07 03:00,1.2374337731994345
2025-11-07 04:00,1.0578408892019688
2025-11-07 05:00,1.375012406255297
2025-11-07 06:00,1.0789671086333865
2025-11-07 07:00,1.2148581832583287
2025-11-07 08:00,1.7318390629264724
2025-11-07 09:00,0.6775744472437548
2025-11-07 10:00,0.5988325204004679
2025-11-07 11:00,0.5313621959209663
2025-11-07 12:00,0.44723481472543336
2025-11-07 13:00,0.5677555438221482
2025-11-07 14:00,0.8253260925681578
2025-11-07 15:00,0.8914052827639196
2025-11-07 16:00,2.0799289380342176
2025-11-07 17:00,3.481740950866468
2025-11-07 18:00,4.711166905395929
2025-11-07 19:00,7.035318844144671
2025-11-07 20:00,4.218879408530766
2025-11-07 21:00,4.545598356155062
2025-11-07 22:00,2.435499045434556
2025-11-07 23:00,1.9633380984265507
2025-11-08 00:00,1.8419621853555643
2025-11-08 01:00,3.007154356435155
2025-11-08 02:00,2.984022833564223
2025-11-08 03:00,3.2176307660278574
2025-11-08 04:00,5.767095782341843
2025-11-08 05:00,4.64560717590197
2025-11-08 06:00,2.3668197123013623
2025-11-08 07:00,1.3352381375510767
2025-11-08 08:00,2.2203435625331163
2025-11-08 09:00,4.347621487832027
2025-11-08 10:00,1.259687120114621
2025-11-08 11:00,1.081472032851949
2025-11-08 12:00,0.9931605815758705
2025-11-08 13:00,0.9645037164673979
2025-11-08 14:00,0.7255889610853197
2025-11-08 15:00,0.8981751630090613
2025-11-08 16:00,1.9624767701758938
2025-11-08 17:00,3.6913842981890768
2025-11-08 18:00,8.166803070901432
2025-11-08 19:00,9.529216147131738
2025-11-08 20:00,10.492841843754135
2025-11-08 21:00,20.924587447118316
2025-11-08 22:00,20.268004463765784
2025-11-08 23:00,16.937970581402677
2025-11-09 00:00,0.867968720465258
2025-11-09 01:00,1.6098124804710057
2025-11-09 02:00,2.358652154478777
2025-11-09 03:00,3.098121158768768
2025-11-09 04:00,3.7911020676771416
2025-11-09 05:00,6.512317007002829
2025-11-09 06:00,8.884718692075193
2025-11-09 07:00,12.355358484562318
2025-11-09 08:00,6.982015457499438
2025-11-09 09:00,5.133912177574018
2025-11-09 10:00,13.036622156391887
2025-11-09 11:00,13.705022291619384
2025-11-09 12:00,10.73342231520346
2025-11-09 13:00,12.782500275014293
2025-11-09 14:00,13.845280633076802
2025-11-09 15:00,19.43088362562238
2025-11-09 16:00,16.750482902072697
2025-11-09 17:00,18.277047299387704
2025-11-09 18:00,21.151937952118594
2025-11-09 19:00,22.537735852582337
2025-11-09 20:00,36.32705074224333
2025-11-09 21:00,42.991036779276044
2025-11-09 22:00,58.30597382655723
2025-11-09 23:00,59.662648459580865
2025-11-10 00:00,59.35535184611378
2025-11-10 01:00,58.83969697910895
2025-11-10 02:00,57.047028740297904
2025-11-10 03:00,58.76365229634676
2025-11-10 04:00,54.8425031557637
2025-11-10 05:00,33.12741586256636
2025-11-10 06:00,38.36081763083119
2025-11-10 07:00,41.460425659878574
2025-11-10 08:00,40.21844169124388
2025-11-10 09:00,44.886201540882126
2025-11-10 10:00,54.21177811306811
2025-11-10 11:00,50.51822208903431
2025-11-10 12:00,50.542996796578336
2025-11-10 13:00,48.5675782117538
2025-11-10 14:00,43.97667363559536
2025-11-10 15:00,38.706947852351206
2025-11-10 16:00,35.32182632982941
2025-11-10 17:00,26.515498693193503
2025-11-10 18:00,18.463388835251507
2025-11-10 19:00,10.535003772766393
2025-11-10 20:00,7.701584615527821
2025-11-10 21:00,7.577082336052236
2025-11-10 22:00,6.641906357879369
2025-11-10 23:00,5.052850258368272
2025-11-11 00:00,5.6826481072040576
2025-11-11 01:00,5.692898427929686
2025-11-11 02:00,7.437720191081867
2025-11-11 03:00,6.995165956733925
2025-11-11 04:00,5.6435105480058825
2025-11-11 05:00,5.677922452452115
2025-11-11 06:00,6.460641312060515
2025-11-11 07:00,6.058971863546131
2025-11-11 08:00,5.781133848057458
2025-11-11 09:00,4.396399783616378
2025-11-11 10:00,3.8650228268326403
2025-11-11 11:00,2.895589238124047
2025-11-11 12:00,3.3677793737421435
2025-11-11 13:00,5.937471368529701
2025-11-11 14:00,7.7909720807722955
2025-11-11 15:00,6.777295028598811
2025-11-11 16:00,9.911772056099256
2025-11-11 17:00,10.936336109537942
2025-11-11 18:00,5.983117602233463
2025-11-11 19:00,7.490622775916101
2025-11-11 20:00,4.907574510031507
2025-11-11 21:00,5.917906854641437
2025-11-11 22:00,2.127201992030389
2025-11-11 23:00,1.3303018583824753
2025-11-12 00:00,4.678557165734387
2025-11-12 01:00,4.56944000986511
2025-11-12 02:00,4.556744350627833
2025-11-12 03:00,5.225479582462011
2025-11-12 04:00,4.909023303791967
2025-11-12 05:00,5.1642817058015105
2025-11-12 06:00,4.797231125706976
2025-11-12 07:00,4.0544296099324715
2025-11-12 08:00,5.838492006465726
2025-11-12 09:00,4.322722024450483
2025-11-12 10:00,3.315655232990433
2025-11-12 11:00,1.6668081939266637
2025-11-12 12:00,2.041342318696277
2025-11-12 13:00,2.6109226992474994
2025-11-12 14:00,3.5734298301697702
2025-11-12 15:00,7.155217014823698
2025-11-12 16:00,9.129533552770464
2025-11-12 17:00,9.240172922794322
2025-11-12 18:00,13.035702161244727
2025-11-12 19:00,5.804483634544056
2025-11-12 20:00,3.406989861343078
2025-11-12 21:00,4.095619925915814
2025-11-12 22:00,3.009479838905964
2025-11-12 23:00,2.9382449081734663
2025-11-13 00:00,5.780268658855602
2025-11-13 01:00,4.0496942251444965
2025-11-13 02:00,3.840440270458041
2025-11-13 03:00,4.765315284656902
2025-11-13 04:00,5.316225698942796
2025-11-13 05:00,5.56332639186693
2025-11-13 06:00,4.354179213339814
2025-11-13 07:00,5.72959847808446
2025-11-13 08:00,5.505661125768526
2025-11-13 09:00,3.91907709530879
2025-11-13 10:00,2.09449353626045
2025-11-13 11:00,3.6228353302025296
2025-11-13 12:00,4.455524683425628
2025-11-13 13:00,10.659814447052256
2025-11-13 14:00,19.90653250648389
2025-11-13 15:00,26.231743121208396
2025-11-13 16:00,30.845721080984426
2025-11-13 17:00,30.347885691817453
2025-11-13 18:00,30.20334318573486
2025-11-13 19:00,26.58548475067162
2025-11-13 20:00,23.236902000464642
2025-11-13 21:00,16.09050112074314
2025-11-13 22:00,13.729900828546864
2025-11-13 23:00,14.732577224936747
2025-11-14 00:00,8.490787607544233
2025-11-14 01:00,9.926222139695438
2025-11-14 02:00,8.714316866354242
2025-11-14 03:00,11.944677951124145
2025-11-14 04:00,9.772917401721799
2025-11-14 05:00,6.591354988565866
2025-11-14 06:00,8.679478191935289
2025-11-14 07:00,9.235827288071958
2025-11-14 08:00,6.473606268010614
2025-11-14 09:00,6.895950134599381
2025-11-14 10:00,10.33360865284968
2025-11-14 11:00,15.047424903114134
2025-11-14 12:00,12.697986244778793
2025-11-14 13:00,12.505227078611618
2025-11-14 14:00,15.27938550092085
2025-11-14 15:00,11.353838770155232
2025-11-14 16:00,11.919124299862897
2025-11-14 17:00,15.487848558618992
2025-11-14 18:00,12.30131181696958
2025-11-14 19:00,12.105675226832105
2025-11-14 20:00,10.010275583953439
2025-11-14 21:00,7.265529266274411
2025-11-14 22:00,5.870681093879499
2025-11-14 23:00,6.370009645904809
2025-11-15 00:00,5.837115047947293
2025-11-15 01:00,4.445487484339493
2025-11-15 02:00,4.207518856139242
2025-11-15 03:00,4.045765574361896
2025-11-15 04:00,2.6174354020549964
2025-11-15 05:00,3.0082580538782393
2025-11-15 06:00,2.825972061965345
2025-11-15 07:00,2.057474567177089
2025-11-15 08:00,3.1191521944178904
2025-11-15 09:00,2.230929981139259
2025-11-15 10:00,0.976454305492453
2025-11-15 11:00,0.8641804000777753
2025-11-15 12:00,4.3215200209172515
2025-11-15 13:00,5.313931458284518
2025-11-15 14:00,7.117224748901675
2025-11-15 15:00,8.30931382231082
2025-11-15 16:00,9.132889594956499
2025-11-15 17:00,10.398562434133325
2025-11-15 18:00,9.358876373125398
2025-11-15 19:00,9.811029368817437
2025-11-15 20:00,7.43479333631077
2025-11-15 21:00,6.449136873635978
2025-11-15 22:00,4.4434872648464605
2025-11-15 23:00,3.4732919276165033
2025-11-16 00:00,3.120036100451768
2025-11-16 01:00,2.8778281232484746
2025-11-16 02:00,4.4786959372975375
2025-11-16 03:00,4.89161660355472
2025-11-16 04:00,3.5780426725659247
2025-11-16 05:00,3.5324927353757847
2025-11-16 06:00,3.6495008934122746
2025-11-16 07:00,3.5906410813816176
2025-11-16 08:00,3.032058011768372
2025-11-16 09:00,3.9651737256646507
2025-11-16 10:00,3.174848853300658
2025-11-16 11:00,1.7519583400469605
2025-11-16 12:00,9.795922003705112
2025-11-16 13:00,6.8450135017943525
2025-11-16 14:00,4.232717591873907
2025-11-16 15:00,2.02413550050933
2025-11-16 16:00,3.3796521882064434
2025-11-16 17:00,3.915460269389783
2025-11-16 18:00,4.374914213074375
2025-11-16 19:00,7.5239076726834195
2025-11-16 20:00,6.75619159914571
2025-11-16 21:00,10.099263095917205
2025-11-16 22:00,6.523608000205498
2025-11-16 23:00,8.942161944862988
2025-11-17 00:00,36.065809905736266
2025-11-17 01:00,57.510373374690566
2025-11-17 02:00,55.99342757929625
2025-11-17 03:00,51.8162451104975
2025-11-17 04:00,49.187659816226585
2025-11-17 05:00,50.845275580911235
2025-11-17 06:00,49.59132589771714
2025-11-17 07:00,48.95940057187673
2025-11-17 08:00,52.00758597192322
2025-11-17 09:00,51.662915823226946
2025-11-17 10:00,48.32471035131418
2025-11-17 11:00,46.591114118198476
2025-11-17 12:00,44.5261038191974
2025-11-17 13:00,51.98684982548971
2025-11-17 14:00,53.538888269875244
2025-11-17 15:00,53.400807398675994
2025-11-17 16:00,54.19491004783579
2025-11-17 17:00,53.9963357942257
2025-11-17 18:00,55.89885142711097
2025-11-17 19:00,56.93488737359351
2025-11-17 20:00,54.500306021622066
2025-11-17 21:00,54.01131158901181
2025-11-17 22:00,51.25179449694278
2025-11-17 23:00,51.022090591355145
2025-11-18 00:00,53.797179350464354
2025-11-18 01:00,51.92269608448409
2025-11-18 02:00,51.83014814363526
2025-11-18 03:00,47.69764459322609
2025-11-18 04:00,46.685213297257555
2025-11-18 05:00,48.41607509816488
2025-11-18 06:00,39.4935257590802
2025-11-18 07:00,36.90719120021263
2025-11-18 08:00,30.168740900647443
2025-11-18 09:00,26.353822799677438
2025-11-18 10:00,29.08059031238494
2025-11-18 11:00,33.90858760142124
2025-11-18 12:00,38.84550862522062
2025-11-18 13:00,38.206450709377414
2025-11-18 14:00,39.40735152427253
2025-11-18 15:00,41.80216429606611
2025-11-18 16:00,34.53506490104225
2025-11-18 17:00,26.453870206154182
2025-11-18 18:00,34.63867718444656
2025-11-18 19:00,32.42855964565388
2025-11-18 20:00,33.45660188423564
2025-11-18 21:00,27.560662693208183
2025-11-18 22:00,18.04463943076213
2025-11-18 23:00,31.958697418470607
2025-11-19 00:00,13.253472671173885
2025-11-19 01:00,11.05414164276309
2025-11-19 02:00,6.027613870028235
2025-11-19 03:00,4.7673627517383865
2025-11-19 04:00,8.80464458879789
2025-11-19 05:00,6.054313566151368
2025-11-19 06:00,6.883961848605473
2025-11-19 07:00,5.46048002226069
2025-11-19 08:00,5.2068352854723265
2025-11-19 09:00,3.1634926719173215
2025-11-19 10:00,3.223630089393769
2025-11-19 11:00,4.892504754606019
2025-11-19 12:00,6.197957756133539
2025-11-19 13:00,6.849480430186456
2025-11-19 14:00,6.314576520344488
2025-11-19 15:00,8.19746755268508
2025-11-19 16:00,6.785325565022179
2025-11-19 17:00,3.4951533262532957
2025-11-19 18:00,5.705533883779005
2025-11-19 19:00,3.9378860123592427
2025-11-19 20:00,2.104823963752275
2025-11-19 21:00,1.348332427111603
2025-11-19 22:00,2.4868259224020406
2025-11-19 23:00,2.3832095150317105
2025-11-20 00:00,3.9590021061414946
2025-11-20 01:00,3.558316694531634
2025-11-20 02:00,3.850381661161911
2025-11-20 03:00,3.6343877972503833
2025-11-20 04:00,3.3308246001318267
2025-11-20 05:00,4.230081546519729
2025-11-20 06:00,3.7491325840868233
2025-11-20 07:00,5.806044433989723
2025-11-20 08:00,5.46179961366466
2025-11-20 09:00,4.5304206751169325
2025-11-20 10:00,11.013878396353018
2025-11-20 11:00,7.3112327741393095
2025-11-20 12:00,6.337270728845285
2025-11-20 13:00,8.798020072602261
2025-11-20 14:00,12.055354512717074
2025-11-20 15:00,13.909990483762432
2025-11-20 16:00,17.099123468225166
2025-11-20 17:00,20.924870983862476
2025-11-20 18:00,25.16363943067682
2025-11-20 19:00,28.417219764238087
2025-11-20 20:00,26.759629848867313
2025-11-20 21:00,32.66411441863764
2025-11-20 22:00,35.789269768728104
2025-11-20 23:00,32.88873540273081
2025-11-21 00:00,20.399405190067434
2025-11-21 01:00,20.276818894270967
2025-11-21 02:00,16.367855941773843
2025-11-21 03:00,5.88633095803631
2025-11-21 04:00,10.65844121471753
2025-11-21 05:00,7.604512652844288
2025-11-21 06:00,3.9440408369772637
2025-11-21 07:00,4.709362953666621
2025-11-21 08:00,2.6447173219189497
2025-11-21 09:00,2.3107006991893386
2025-11-21 10:00,1.1239559687244163
2025-11-21 11:00,1.500739074947813
2025-11-21 12:00,2.20073492601363
2025-11-21 13:00,2.5051714241143883
2025-11-21 14:00,2.281885692122218
2025-11-21 15:00,6.967474045861557
2025-11-21 16:00,6.851272442537397
2025-11-21 17:00,6.447164613414845
2025-11-21 18:00,12.078230091316733
2025-11-21 19:00,12.976854548292401
2025-11-21 20:00,11.234036551395281
2025-11-21 21:00,9.268720613110457
2025-11-21 22:00,9.009377121913936
2025-11-21 23:00,5.984640037545912
2025-11-22 00:00,8.867674997253058
2025-11-22 01:00,10.001859726014718
2025-11-22 02:00,9.063693768320611
2025-11-22 03:00,9.970161592998277
2025-11-22 04:00,8.773276476797863
2025-11-22 05:00,9.01513123055851
2025-11-22 06:00,9.055760152979111
2025-11-22 07:00,7.89044504210821
2025-11-22 08:00,7.299289835594012
2025-11-22 09:00,2.1684102401503424
2025-11-22 10:00,1.8362156932699898
2025-11-22 11:00,0.973859853527253
2025-11-22 12:00,1.0668082569750648
2025-11-22 13:00,1.0668720975490027
2025-11-22 14:00,1.4558179220478498
2025-11-22 15:00,4.262843895751877
2025-11-22 16:00,3.340896902042446
2025-11-22 17:00,2.0184656207418676
2025-11-22 18:00,8.307711266351529
2025-11-22 19:00,10.15485006835629
2025-11-22 20:00,5.072300087957011
2025-11-22 21:00,4.726389362112397
2025-11-22 22:00,7.368768714639682
2025-11-22 23:00,5.042863441081217
2025-11-23 00:00,7.339609013480331
2025-11-23 01:00,6.664532981304616
2025-11-23 02:00,6.807934934072124
2025-11-23 03:00,6.741063664143352
2025-11-23 04:00,8.15757612428018
2025-11-23 05:00,7.964620722374246
2025-11-23 06:00,8.533662130105618
2025-11-23 07:00,18.105047601679484
2025-11-23 08:00,12.593868594714477
2025-11-23 09:00,15.027452216053499
2025-11-23 10:00,25.03906649281891
2025-11-23 11:00,16.073345126911263
2025-11-23 12:00,20.725211204451185
2025-11-23 13:00,18.916716197668734
2025-11-23 14:00,8.13360208443641
2025-11-23 15:00,13.11910720680951
2025-11-23 16:00,13.60199295236498
2025-11-23 17:00,11.743461869739898
2025-11-23 18:00,26.41615833051275
2025-11-23 19:00,25.336614236869558
2025-11-23 20:00,13.255749095877526
2025-11-23 21:00,15.743022731921554
2025-11-23 22:00,9.757927604327598
2025-11-23 23:00,9.195727008070275
2025-11-24 00:00,9.195710623371536
2025-11-24 01:00,13.587939629019345
2025-11-24 02:00,13.109172061242596
2025-11-24 03:00,12.198128133439972
2025-11-24 04:00,15.668450009658391
2025-11-24 05:00,15.858756145057054
2025-11-24 06:00,19.979786732296358
2025-11-24 07:00,24.69167939096119
2025-11-24 08:00,30.572533938355406
2025-11-24 09:00,24.906262339449015
2025-11-24 10:00,28.86454302559938
2025-11-24 11:00,21.506885156481225
2025-11-24 12:00,26.51384036335812
2025-11-24 13:00,18.776282834463373
2025-11-24 14:00,13.087705025515454
2025-11-24 15:00,13.0438370767726
2025-11-24 16:00,5.88601759410906
2025-11-24 17:00,4.452019567630472
2025-11-24 18:00,5.989876044227661
2025-11-24 19:00,6.036375030799195
2025-11-24 20:00,6.325439825568047
2025-11-24 21:00,4.796501968712912
2025-11-24 22:00,6.717664210265149
2025-11-24 23:00,9.226622506254717
2025-11-25 00:00,9.681628995142258
2025-11-25 01:00,8.758321114305767
2025-11-25 02:00,11.998654526232626
2025-11-25 03:00,15.331126480515184
2025-11-25 04:00,21.23625212970566
2025-11-25 05:00,21.353386506167453
2025-11-25 06:00,28.042619057457998
2025-11-25 07:00,37.54600019061371
2025-11-25 08:00,46.934494177674665
2025-11-25 09:00,48.88926189040143
2025-11-25 10:00,55.58589845767916
2025-11-25 11:00,59.25301767339106
2025-11-25 12:00,55.90218312946634
2025-11-25 13:00,58.46872771850758
2025-11-25 14:00,58.40311983818148
2025-11-25 15:00,60.002234572197096
2025-11-25 16:00,64.09616706437416
2025-11-25 17:00,58.38174420364169
2025-11-25 18:00,56.92078200342188
2025-11-25 19:00,57.31954687419568
2025-11-25 20:00,53.16461775354357
2025-11-25 21:00,51.44478440104865
2025-11-25 22:00,39.02787682313864
2025-11-25 23:00,32.07213829442231
2025-11-26 00:00,11.806543807125816
2025-11-26 01:00,6.6543089600906615
2025-11-26 02:00,8.720706422445707
2025-11-26 03:00,7.973145802193443
2025-11-26 04:00,4.275258695932369
2025-11-26 05:00,6.951424426103724
2025-11-26 06:00,8.939912711706974
2025-11-26 07:00,4.583196770752426
2025-11-26 08:00,4.767468150271151
2025-11-26 09:00,4.205614280626739
2025-11-26 10:00,2.8885241389065364
2025-11-26 11:00,1.0709883883216327
2025-11-26 12:00,1.125587767325494
2025-11-26 13:00,1.98653267484176
2025-11-26 14:00,1.960253477087146
2025-11-26 15:00,1.6244362015458855
2025-11-26 16:00,2.7188932451255443
2025-11-26 17:00,4.150934107781052
2025-11-26 18:00,4.077787495531231
2025-11-26 19:00,3.547213780588902
2025-11-26 20:00,2.7533416419975
2025-11-26 21:00,2.99772769650421
2025-11-26 22:00,3.3691705711982163
2025-11-26 23:00,2.4823622820136757
2025-11-27 00:00,21.665055123163498
2025-11-27 01:00,33.607927345916
2025-11-27 02:00,29.476664410166244
2025-11-27 03:00,36.31631254947866
2025-11-27 04:00,46.53345234208934
2025-11-27 05:00,50.556765068316
2025-11-27 06:00,52.603861033489764
2025-11-27 07:00,51.66856312758554
2025-11-27 08:00,52.54657259188645
2025-11-27 09:00,53.81999433097968
2025-11-27 10:00,52.597569022379496
2025-11-27 11:00,61.67184353715153
2025-11-27 12:00,56.705278770182396
2025-11-27 13:00,61.906045858608856
2025-11-27 14:00,54.155544846639856
2025-11-27 15:00,54.281841389241585
2025-11-27 16:00,57.82469830125332
2025-11-27 17:00,68.21287000902689
2025-11-27 18:00,63.687540699127695
2025-11-27 19:00,59.47235582909229
2025-11-27 20:00,58.17444299328641
2025-11-27 21:00,56.497144230046686
2025-11-27 22:00,65.52306722367095
2025-11-27 23:00,64.72550885375813
2025-11-28 00:00,53.854499402212376
2025-11-28 01:00,54.77612362907129
2025-11-28 02:00,43.047606208168915
2025-11-28 03:00,48.57994280602186
2025-11-28 04:00,40.044545316887685
2025-11-28 05:00,28.83497893361345
2025-11-28 06:00,29.008704735160986
2025-11-28 07:00,27.93388086154587
2025-11-28 08:00,22.323103085804398
2025-11-28 09:00,17.491841403831888
2025-11-28 10:00,11.931356380313302
2025-11-28 11:00,10.671325897058745
2025-11-28 12:00,9.481641038711105
2025-11-28 13:00,8.01245287877223
2025-11-28 14:00,8.155569288372451
2025-11-28 15:00,9.325487759390318
2025-11-28 16:00,8.785395788437661
2025-11-28 17:00,7.257063176617429
2025-11-28 18:00,6.042139082149827
2025-11-28 19:00,2.860238700716897
2025-11-28 20:00,3.024965046734067
2025-11-28 21:00,3.3904056440847996
2025-11-28 22:00,3.913832950685043
2025-11-28 23:00,3.445850679858647
2025-11-29 00:00,4.535201554462189
2025-11-29 01:00,4.282670280122934
2025-11-29 02:00,3.9951960781544553
2025-11-29 03:00,3.9109633086130184
2025-11-29 04:00,5.426683916169337
2025-11-29 05:00,5.317340959388266
2025-11-29 06:00,4.529179234510046
2025-11-29 07:00,9.57659191997666
2025-11-29 08:00,13.239198086536454
2025-11-29 09:00,15.226558849489518
2025-11-29 10:00,20.51842912311249
2025-11-29 11:00,29.806033937607406
2025-11-29 12:00,30.676427935462485
2025-11-29 13:00,38.813860124615815
2025-11-29 14:00,45.091648689240046
2025-11-29 15:00,42.77271471108422
2025-11-29 16:00,43.5180265727358
2025-11-29 17:00,47.47431488686665
2025-11-29 18:00,42.09797162536888
2025-11-29 19:00,41.90156398158195
2025-11-29 20:00,39.328348457743516
2025-11-29 21:00,37.4630847003866
2025-11-29 22:00,35.93477091315385
2025-11-29 23:00,35.481159368690314
2025-11-30 00:00,42.118194222488896
2025-11-30 01:00,35.39497278249455
2025-11-30 02:00,32.79143460692259
2025-11-30 03:00,23.87470158625993
2025-11-30 04:00,19.40354955324146
2025-11-30 05:00,15.671922777033192
2025-11-30 06:00,11.354380862724277
2025-11-30 07:00,21.693819508065573
2025-11-30 08:00,17.755783707924156
2025-11-30 09:00,12.016603007739226
2025-11-30 10:00,27.24054728128911
2025-11-30 11:00,26.266444645831946
2025-11-30 12:00,25.947447447685164
2025-11-30 13:00,25.70081862523909
2025-11-30 14:00,24.780044428314383
2025-11-30 15:00,30.57900090328161
2025-11-30 16:00,38.242134652105634
2025-11-30 17:00,37.04968231999405
2025-11-30 18:00,35.788573611934815
2025-11-30 19:00,31.073772581807553
2025-11-30 20:00,26.22242532681966
2025-11-30 21:00,24.565754982759806
2025-11-30 22:00,9.468096941549401
2025-11-30 23:00,11.766326566258947
2025-12-01 00:00,26.227480784264866
2025-12-01 01:00,40.8673834359039
2025-12-01 02:00,41.92195645594604
2025-12-01 03:00,38.55991223263923
2025-12-01 04:00,34.45406430998757
2025-12-01 05:00,28.61333003347506
2025-12-01 06:00,23.424962762714095
2025-12-01 07:00,16.299345511179453
2025-12-01 08:00,15.88884830418816
2025-12-01 09:00,14.963946517962604
2025-12-01 10:00,16.38190366664617
2025-12-01 11:00,27.55365757547883
2025-12-01 12:00,22.418917661776373
2025-12-01 13:00,24.110485824442296
2025-12-01 14:00,34.3647292316021
2025-12-01 15:00,30.158304258287906
2025-12-01 16:00,28.40698442148409
2025-12-01 17:00,23.1289352290798
2025-12-01 18:00,17.6547900571358
2025-12-01 19:00,17.008996681350066
2025-12-01 20:00,18.139508785988603
2025-12-01 21:00,13.10933177270517
2025-12-01 22:00,10.532028914365675
2025-12-01 23:00,11.137979549296166
2025-12-02 00:00,22.496378615232274
2025-12-02 01:00,27.563841746713507
2025-12-02 02:00,31.814279542383165
2025-12-02 03:00,29.0953736994243
2025-12-02 04:00,31.48233410257007
2025-12-02 05:00,28.781968167806063
2025-12-02 06:00,37.66586441149393
2025-12-02 07:00,41.56395764182771
2025-12-02 08:00,41.562410233546636
2025-12-02 09:00,54.260054644555446
2025-12-02 10:00,49.58273396513967
2025-12-02 11:00,49.747967792734634
2025-12-02 12:00,49.174103256373925
2025-12-02 13:00,42.98660160538337
2025-12-02 14:00,43.70278965454908
2025-12-02 15:00,44.502715463855424
2025-12-02 16:00,40.62042314021619
2025-12-02 17:00,45.324835645332115
2025-12-02 18:00,36.50831234840989
2025-12-02 19:00,34.1341709590874
2025-12-02 20:00,33.986433897333995
2025-12-02 21:00,41.80587027358693
2025-12-02 22:00,29.850372899236802
2025-12-02 23:00,25.94402319249159
2025-12-03 00:00,34.83520273355926
2025-12-03 01:00,44.17859004731863
2025-12-03 02:00,54.04032458309016
2025-12-03 03:00,39.19722394683859
2025-12-03 04:00,54.73516275655795
2025-12-03 05:00,51.886842133024906
2025-12-03 06:00,35.6641039448118
2025-12-03 07:00,38.020488166185544
2025-12-03 08:00,28.607943001573872
2025-12-03 09:00,25.138223555605496
2025-12-03 10:00,38.21945082027398
2025-12-03 11:00,40.545649421955275
2025-12-03 12:00,46.55582764163983
2025-12-03 13:00,52.16304590034633
2025-12-03 14:00,56.240979850716414
2025-12-03 15:00,56.15656638710491
2025-12-03 16:00,54.46432381084851
2025-12-03 17:00,54.481223121584264
2025-12-03 18:00,56.40363657439838
2025-12-03 19:00,52.81190625240111
2025-12-03 20:00,46.13882579856893
2025-12-03 21:00,42.83881338465639
2025-12-03 22:00,40.53379979292555
2025-12-03 23:00,38.51377887902096
2025-12-04 00:00,34.842338495501494
2025-12-04 01:00,31.111117502940726
2025-12-04 02:00,24.47523890410508
2025-12-04 03:00,17.068278802453023
2025-12-04 04:00,15.183848143315185
2025-12-04 05:00,12.809131939823441
2025-12-04 06:00,7.509197312903648
2025-12-04 07:00,6.06991310296391
2025-12-04 08:00,5.1034260664018545
2025-12-04 09:00,5.625679736567764
2025-12-04 10:00,4.451771591033721
2025-12-04 11:00,4.141510767414275
2025-12-04 12:00,3.8126059747674277
2025-12-04 13:00,4.516635172721314
2025-12-04 14:00,5.3947033287378625
2025-12-04 15:00,8.193312696260744
2025-12-04 16:00,15.48837945445582
2025-12-04 17:00,19.176064731155943
2025-12-04 18:00,26.711867390478474
2025-12-04 19:00,40.61281559827667
2025-12-04 20:00,50.902801228168066
2025-12-04 21:00,53.2457962241902
2025-12-04 22:00,66.94656521962239
2025-12-04 23:00,62.82990106137664
2025-12-05 00:00,60.92022094874743
2025-12-05 01:00,55.472191527337344
2025-12-05 02:00,45.39065477252396
2025-12-05 03:00,37.863075804614425
2025-12-05 04:00,36.24856813074999
2025-12-05 05:00,32.66946810794797
2025-12-05 06:00,28.229905995965446
2025-12-05 07:00,31.09205913751685
2025-12-05 08:00,22.88749137384449
2025-12-05 09:00,22.07087172507576
2025-12-05 10:00,29.854922309727062
2025-12-05 11:00,19.581758912570493
2025-12-05 12:00,20.33700652125288
2025-12-05 13:00,26.695465293755095
2025-12-05 14:00,17.98996030060013
2025-12-05 15:00,17.839700725514586
2025-12-05 16:00,15.387689374652453
2025-12-05 17:00,10.137282492431236
2025-12-05 18:00,9.427274422342837
2025-12-05 19:00,4.408100225208118
2025-12-05 20:00,4.045885208007075
2025-12-05 21:00,2.5046269021950494
2025-12-05 22:00,3.1144003392960675
2025-12-05 23:00,3.216041147337971
2025-12-06 00:00,3.2467231291882213
2025-12-06 01:00,2.9324122563433144
2025-12-06 02:00,4.265088242341793
2025-12-06 03:00,2.9817695379339137
2025-12-06 04:00,5.376095113042165
2025-12-06 05:00,6.476579044466377
2025-12-06 06:00,4.960468520476425
2025-12-06 07:00,8.616340887530544
2025-12-06 08:00,8.973270122726529
2025-12-06 09:00,10.747072871088141
2025-12-06 10:00,13.797893755860308
2025-12-06 11:00,17.123567851170684
2025-12-06 12:00,24.485082578227342
2025-12-06 13:00,29.06256136953546
2025-12-06 14:00,27.509293268890964
2025-12-06 15:00,33.85054768266862
2025-12-06 16:00,39.52443725721453
2025-12-06 17:00,32.81335278749219
2025-12-06 18:00,40.7964710501475
2025-12-06 19:00,39.08067927676127
2025-12-06 20:00,43.41827552976437
2025-12-06 21:00,39.41381881818852
2025-12-06 22:00,40.49531363415184
2025-12-06 23:00,40.6317641464634
2025-12-07 00:00,27.582457723677823
2025-12-07 01:00,21.207858857086915
2025-12-07 02:00,18.133438086579
2025-12-07 03:00,20.21277712346773
2025-12-07 04:00,12.966424196262134
2025-12-07 05:00,15.080092353528993
2025-12-07 06:00,18.73152805446197
2025-12-07 07:00,15.582977313934508
2025-12-07 08:00,20.374806764176018
2025-12-07 09:00,25.26176970152347
2025-12-07 10:00,30.374390263606777
2025-12-07 11:00,38.90010341784532
2025-12-07 12:00,37.46883009291538
2025-12-07 13:00,38.47627352235605
2025-12-07 14:00,39.561911784858914
2025-12-07 15:00,40.03792878443083
2025-12-07 16:00,38.77499342432119
2025-12-07 17:00,42.50138899710028
2025-12-07 18:00,40.613208415029426
2025-12-07 19:00,35.88346986055164
2025-12-07 20:00,51.28860706719456
2025-12-07 21:00,48.81856844672123
2025-12-07 22:00,41.64809214258627
2025-12-07 23:00,51.221803408032514
2025-12-08 00:00,45.58372846972612
2025-12-08 01:00,46.298152821193185
2025-12-08 02:00,27.332411638496914
2025-12-08 03:00,34.43349293686255
2025-12-08 04:00,40.03263604430029
2025-12-08 05:00,27.973198103743687
2025-12-08 06:00,39.665041055786226
2025-12-08 07:00,43.43594847823967
2025-12-08 08:00,39.634390810854626
2025-12-08 09:00,28.475200046402254
2025-12-08 10:00,32.61553716779997
2025-12-08 11:00,31.63087502769342
2025-12-08 12:00,31.857849013740132
2025-12-08 13:00,30.060605009072955
2025-12-08 14:00,30.577140246089904
2025-12-08 15:00,31.7145120158766
2025-12-08 16:00,28.910987238385403
2025-12-08 17:00,25.38672996771092
2025-12-08 18:00,22.083492682139244
2025-12-08 19:00,21.608483285816604
2025-12-08 20:00,21.079783954184457
2025-12-08 21:00,13.530938687504612
2025-12-08 22:00,9.25917238544508
2025-12-08 23:00,3.3781933173792784
2025-12-09 00:00,2.974964506246142
2025-12-09 01:00,3.5858143162280682
2025-12-09 02:00,3.6605179756763278
2025-12-09 03:00,3.802601559782972
2025-12-09 04:00,2.626137678824949
2025-12-09 05:00,1.6692497525250318
2025-12-09 06:00,5.572747624864473
2025-12-09 07:00,1.7927846468674398
2025-12-09 08:00,3.4852384218885826
2025-12-09 09:00,3.0505728352047043
2025-12-09 10:00,1.0765503049375251
2025-12-09 11:00,0.29892361296911696
2025-12-09 12:00,0.21480187172928317
2025-12-09 13:00,1.005746503222781
2025-12-09 14:00,0.6779340349952753
2025-12-09 15:00,2.5709706669097807
2025-12-09 16:00,0.16242215307263744
2025-12-09 17:00,0.0
2025-12-09 18:00,1.144797082494665
2025-12-09 19:00,1.1126845567003016
2025-12-09 20:00,2.3891279488424946
2025-12-09 21:00,2.3178349767243533
2025-12-09 22:00,0.939516139488566
2025-12-09 23:00,2.4969094349893024
2025-12-10 00:00,2.070579001148218
2025-12-10 01:00,2.736467251793335
2025-12-10 02:00,2.2279387028333466
2025-12-10 03:00,2.01929341228831
2025-12-10 04:00,1.8441021280387766
2025-12-10 05:00,2.3795378156207656
2025-12-10 06:00,1.735037187543455
2025-12-10 07:00,2.105820347261137
2025-12-10 08:00,2.2346435212361984
2025-12-10 09:00,3.1988037765034787
2025-12-10 10:00,1.7472952297634194
2025-12-10 11:00,0.3973847899485465
2025-12-10 12:00,1.2172440110147935
2025-12-10 13:00,1.6523545474475974
2025-12-10 14:00,1.494286949697616
2025-12-10 15:00,0.810013757995687
2025-12-10 16:00,1.5190038194846038
2025-12-10 17:00,2.59957682890674
2025-12-10 18:00,1.3491493057639556
2025-12-10 19:00,1.1839427816872128
2025-12-10 20:00,1.466855917839304
2025-12-10 21:00,1.0756305001527877
2025-12-10 22:00,1.1148938457720798
2025-12-10 23:00,1.1532266409041987
2025-12-11 00:00,15.775365559792675
2025-12-11 01:00,13.357582701604052
2025-12-11 02:00,18.08820203886585
2025-12-11 03:00,21.01425766786496
2025-12-11 04:00,11.698773089463046
2025-12-11 05:00,15.553583414348378
2025-12-11 06:00,17.07028960092336
2025-12-11 07:00,17.95866355854879
2025-12-11 08:00,21.44625996918315
2025-12-11 09:00,36.82910642031341
2025-12-11 10:00,37.86174148391201
2025-12-11 11:00,53.486009232005344
2025-12-11 12:00,56.53486137633588
2025-12-11 13:00,59.74067599867255
2025-12-11 14:00,58.619374220387186
2025-12-11 15:00,56.37911616810765
2025-12-11 16:00,57.74465188148962
2025-12-11 17:00,54.19457668408589
2025-12-11 18:00,58.127290354756
2025-12-11 19:00,55.26657299943474
2025-12-11 20:00,55.3539616304442
2025-12-11 21:00,55.83596041795894
2025-12-11 22:00,55.6610713328631
2025-12-11 23:00,57.079060496036234
2025-12-12 00:00,36.946541713447886
2025-12-12 01:00,34.530576752304206
2025-12-12 02:00,27.29566836564552
2025-12-12 03:00,20.02283235102329
2025-12-12 04:00,12.10785959095162
2025-12-12 05:00,13.241437724031385
2025-12-12 06:00,13.908499351725256
2025-12-12 07:00,14.294920672361336
2025-12-12 08:00,8.932886313036201
2025-12-12 09:00,14.227332960732737
2025-12-12 10:00,12.223038505918861
2025-12-12 11:00,5.228983887834623
2025-12-12 12:00,6.654258939934781
2025-12-12 13:00,5.0593138405086195
2025-12-12 14:00,4.376032382510399
2025-12-12 15:00,3.4837345179605927
2025-12-12 16:00,5.673132393779142
2025-12-12 17:00,2.859575427471393
2025-12-12 18:00,4.225308450284419
2025-12-12 19:00,4.330415269120483
2025-12-12 20:00,2.8674550801995693
2025-12-12 21:00,2.919902928064121
2025-12-12 22:00,1.1615029263892778
2025-12-12 23:00,2.426245765103981
2025-12-13 00:00,4.4797619154302595
2025-12-13 01:00,4.17749205695047
2025-12-13 02:00,7.17799272954624
2025-12-13 03:00,10.079510870200295
2025-12-13 04:00,10.040165305971168
2025-12-13 05:00,11.881341130073409
2025-12-13 06:00,7.050728412825615
2025-12-13 07:00,8.48104981018089
2025-12-13 08:00,7.670424842971913
2025-12-13 09:00,6.115484781843962
2025-12-13 10:00,3.409590629156461
2025-12-13 11:00,6.823065064326958
2025-12-13 12:00,6.370409762421391
2025-12-13 13:00,8.739335270801927
2025-12-13 14:00,9.768662970759632
2025-12-13 15:00,9.424945383024404
2025-12-13 16:00,13.006201996315419
2025-12-13 17:00,18.500044715597493
2025-12-13 18:00,16.541577179158878
2025-12-13 19:00,22.15479592897953
2025-12-13 20:00,18.330606578454127
2025-12-13 21:00,24.197744174392042
2025-12-13 22:00,20.518974508346616
2025-12-13 23:00,15.942467272558973
2025-12-14 00:00,13.855325885335047
2025-12-14 01:00,21.512752443094623
2025-12-14 02:00,14.293989798603913
2025-12-14 03:00,12.492381885690845
2025-12-14 04:00,20.868570572324987
2025-12-14 05:00,15.655062535980127
2025-12-14 06:00,19.80900772411279
2025-12-14 07:00,20.51412702446678
2025-12-14 08:00,20.109216288908563
2025-12-14 09:00,36.637146410582254
2025-12-14 10:00,46.49820940340834
2025-12-14 11:00,49.116994652634226
2025-12-14 12:00,55.39069091974097
2025-12-14 13:00,56.65983855232709
2025-12-14 14:00,55.14653928328865
2025-12-14 15:00,54.90983434905191
2025-12-14 16:00,53.93683857888206
2025-12-14 17:00,51.39306945281131
2025-12-14 18:00,38.70979389775951
2025-12-14 19:00,31.645990210559155
2025-12-14 20:00,30.968865841729144
2025-12-14 21:00,21.650881669405
2025-12-14 22:00,13.523067474685007
2025-12-14 23:00,17.0606452993314
2025-12-15 00:00,2.9869306402667952
2025-12-15 01:00,3.951426216084264
2025-12-15 02:00,4.410760985178197
2025-12-15 03:00,3.2041467326385646
2025-12-15 04:00,2.443308105853794
2025-12-15 05:00,5.115250340932506
2025-12-15 06:00,3.9456877124574987
2025-12-15 07:00,3.0980002983241945
2025-12-15 08:00,4.236564858875369
2025-12-15 09:00,1.3219971048956438
2025-12-15 10:00,2.815936177738264
2025-12-15 11:00,1.8568645329447973
2025-12-15 12:00,2.711533010975001
2025-12-15 13:00,3.1262123694643544
2025-12-15 14:00,2.5780361282168602
2025-12-15 15:00,2.918385239230112
2025-12-15 16:00,3.610811230986813
2025-12-15 17:00,4.251152631867789
2025-12-15 18:00,4.31471084798746
2025-12-15 19:00,6.6099627154856355
2025-12-15 20:00,10.08165600995735
2025-12-15 21:00,4.454961471555155
2025-12-15 22:00,8.792978822523411
2025-12-15 23:00,17.819966537575368
2025-12-16 00:00,7.137018241805354
2025-12-16 01:00,7.802115221692984
2025-12-16 02:00,9.02699447773273
2025-12-16 03:00,10.30885397094439
2025-12-16 04:00,12.85494616952898
2025-12-16 05:00,12.540747308388191
2025-12-16 06:00,11.720355908648656
2025-12-16 07:00,13.013846951297221
2025-12-16 08:00,13.613402920744356
2025-12-16 09:00,10.2507452165612
2025-12-16 10:00,7.829724012117545
2025-12-16 11:00,7.166409613084925
2025-12-16 12:00,16.830226014587204
2025-12-16 13:00,10.904569809103943
2025-12-16 14:00,7.801009641086317
2025-12-16 15:00,8.418422516673996
2025-12-16 16:00,7.459626657941375
2025-12-16 17:00,3.3946459986124733
2025-12-16 18:00,3.875446184853876
2025-12-16 19:00,4.380861256143275
2025-12-16 20:00,3.5665328776685543
2025-12-16 21:00,3.9220826529773776
2025-12-16 22:00,5.644225292198083
2025-12-16 23:00,4.810631591805144
2025-12-17 00:00,1.4597000643432523
2025-12-17 01:00,3.541594082303833
2025-12-17 02:00,1.6542852431286288
2025-12-17 03:00,1.3702239820408404
2025-12-17 04:00,3.4855374178935783
2025-12-17 05:00,3.221795267586734
2025-12-17 06:00,4.4005907156431
2025-12-17 07:00,8.970973735099054
2025-12-17 08:00,5.142764830904657
2025-12-17 09:00,13.852890844799585
2025-12-17 10:00,28.341203082530036
2025-12-17 11:00,28.105622825070153
2025-12-17 12:00,30.39355710908883
2025-12-17 13:00,27.853394254786682
2025-12-17 14:00,44.14136687295727
2025-12-17 15:00,31.77968179734016
2025-12-17 16:00,24.169653132997766
2025-12-17 17:00,14.845912504246236
2025-12-17 18:00,15.057373961539305
2025-12-17 19:00,12.494172360926449
2025-12-17 20:00,12.149909823192843
2025-12-17 21:00,9.461113404002267
2025-12-17 22:00,7.2849222089310794
2025-12-17 23:00,7.232787861316838
2025-12-18 00:00,7.0186507150185395
2025-12-18 01:00,4.631833598960329
2025-12-18 02:00,4.835939677105441
2025-12-18 03:00,4.282829938846845
2025-12-18 04:00,3.431350877457364
2025-12-18 05:00,2.992601405701743
2025-12-18 06:00,1.7108962370393448
2025-12-18 07:00,1.996163810589792
2025-12-18 08:00,2.5802292253439596
2025-12-18 09:00,3.9884748902847313
2025-12-18 10:00,2.9316373962388145
2025-12-18 11:00,3.399494399729508
2025-12-18 12:00,9.119633881597027
2025-12-18 13:00,8.381205648813193
2025-12-18 14:00,7.778247838645907
2025-12-18 15:00,8.332952731930943
2025-12-18 16:00,8.356790462657795
2025-12-18 17:00,6.436225778157324
2025-12-18 18:00,5.975195912630886
2025-12-18 19:00,5.320241805376915
2025-12-18 20:00,3.585354100930414
2025-12-18 21:00,2.053355775325257
2025-12-18 22:00,2.7461658819764962
2025-12-18 23:00,2.4545893098944873
2025-12-19 00:00,7.363564612943335
2025-12-19 01:00,3.300914660471621
2025-12-19 02:00,3.2534972392101293
2025-12-19 03:00,3.061378449126043
2025-12-19 04:00,3.7330204673664813
2025-12-19 05:00,4.111545525374846
2025-12-19 06:00,3.290933207949103
2025-12-19 07:00,3.460083518840661
2025-12-19 08:00,6.051689925778646
2025-12-19 09:00,4.769190389571786
2025-12-19 10:00,3.627507577548141
2025-12-19 11:00,3.7749037338018434
2025-12-19 12:00,6.3978658823813
2025-12-19 13:00,5.975696486498472
2025-12-19 14:00,5.24380996679278
2025-12-19 15:00,13.52436505248204
2025-12-19 16:00,11.264557695179603
2025-12-19 17:00,7.288989550923728
2025-12-19 18:00,8.80613722768517
2025-12-19 19:00,8.868385226897065
2025-12-19 20:00,13.086363147366388
2025-12-19 21:00,11.16666102633712
2025-12-19 22:00,12.887714947160998
2025-12-19 23:00,14.00558986038573
2025-12-20 00:00,7.911285857198866
2025-12-20 01:00,7.2406747676952214
2025-12-20 02:00,15.24372333804341
2025-12-20 03:00,14.89686717263178
2025-12-20 04:00,20.616545117142458
2025-12-20 05:00,29.205314177831823
2025-12-20 06:00,19.953089170855456
2025-12-20 07:00,28.902972750068948
2025-12-20 08:00,28.59933509363959
2025-12-20 09:00,19.05362032279126
2025-12-20 10:00,16.866656450070586
2025-12-20 11:00,18.44068841592451
2025-12-20 12:00,16.90403760506087
2025-12-20 13:00,19.56005655529967
2025-12-20 14:00,24.969442546317985
2025-12-20 15:00,23.273219068908276
2025-12-20 16:00,38.13957231552635
2025-12-20 17:00,36.70578534510646
2025-12-20 18:00,49.33673735919234
2025-12-20 19:00,46.5001359193481
2025-12-20 20:00,48.482744050075155
2025-12-20 21:00,43.721840872859886
2025-12-20 22:00,38.13263292832232
2025-12-20 23:00,37.053214632142556
2025-12-21 00:00,50.56338332241952
2025-12-21 01:00,50.89680863325585
2025-12-21 02:00,46.341228946543964
2025-12-21 03:00,52.53933709621856
2025-12-21 04:00,53.05919501433522
2025-12-21 05:00,54.09805065808368
2025-12-21 06:00,52.64397717357527
2025-12-21 07:00,53.52608123808386
2025-12-21 08:00,43.67060033317457
2025-12-21 09:00,49.743108147596885
2025-12-21 10:00,51.06289596487182
2025-12-21 11:00,43.185602416725246
2025-12-21 12:00,45.225137015196324
2025-12-21 13:00,45.437670525687444
2025-12-21 14:00,43.589070625895644
2025-12-21 15:00,45.377414608503656
2025-12-21 16:00,41.10877724364128
2025-12-21 17:00,31.74001603000375
2025-12-21 18:00,29.57031179684428
2025-12-21 19:00,30.383926121517444
2025-12-21 20:00,27.00879501800067
2025-12-21 21:00,24.68271816177229
2025-12-21 22:00,21.205765572881905
2025-12-21 23:00,18.34872234916657
2025-12-22 00:00,18.170014581769735
2025-12-22 01:00,14.337973865595337
2025-12-22 02:00,13.50734026694941
2025-12-22 03:00,11.317562057911815
2025-12-22 04:00,5.210440649625955
2025-12-22 05:00,7.03033295604192
2025-12-22 06:00,7.135592517235909
2025-12-22 07:00,7.751795590241729
2025-12-22 08:00,12.056837345358542
2025-12-22 09:00,12.644996355871541
2025-12-22 10:00,14.625612385224699
2025-12-22 11:00,10.66502283589222
2025-12-22 12:00,8.943524778963129
2025-12-22 13:00,5.635837479222719
2025-12-22 14:00,8.536269625780601
2025-12-22 15:00,12.11017594463129
2025-12-22 16:00,8.296073356048524
2025-12-22 17:00,7.838222054295484
2025-12-22 18:00,7.247080436634587
2025-12-22 19:00,4.7628712772714685
2025-12-22 20:00,2.0140511630531055
2025-12-22 21:00,3.665294668016689
2025-12-22 22:00,1.7893061354887625
2025-12-22 23:00,3.3413160748057047
2025-12-23 00:00,5.47191241363495
2025-12-23 01:00,4.220242926284845
2025-12-23 02:00,3.055420006183222
2025-12-23 03:00,4.313041226296819
2025-12-23 04:00,2.970473605085739
2025-12-23 05:00,5.193345249025341
2025-12-23 06:00,4.767859429456458
2025-12-23 07:00,5.190379629779462
2025-12-23 08:00,7.89950536792449
2025-12-23 09:00,7.185898387982349
2025-12-23 10:00,5.960439168419885
2025-12-23 11:00,8.627658006961203
2025-12-23 12:00,15.585228132225588
2025-12-23 13:00,9.500141174686949
2025-12-23 14:00,10.00627675912169
2025-12-23 15:00,14.361587542128383
2025-12-23 16:00,15.082940507400245
2025-12-23 17:00,13.001374174537508
2025-12-23 18:00,13.72950663041643
2025-12-23 19:00,10.815073930775366
2025-12-23 20:00,7.07289826396401
2025-12-23 21:00,12.682963814427126
2025-12-23 22:00,10.180587657748315
2025-12-23 23:00,6.893308384777171
2025-12-24 00:00,14.04692742201744
2025-12-24 01:00,21.227989689916154
2025-12-24 02:00,23.15824497141495
2025-12-24 03:00,32.43162136843067
2025-12-24 04:00,36.735857487204626
2025-12-24 05:00,36.833124402998834
2025-12-24 06:00,41.72391744107058
2025-12-24 07:00,48.21220404952038
2025-12-24 08:00,46.72286820235474
2025-12-24 09:00,36.889109477048166
2025-12-24 10:00,32.03136699272944
2025-12-24 11:00,34.703171207928996
2025-12-24 12:00,33.68668218624151
2025-12-24 13:00,33.539577124683554
2025-12-24 14:00,34.9293534463321
2025-12-24 15:00,30.24556597236141
2025-12-24 16:00,31.16011587451205
2025-12-24 17:00,31.2993607496482
2025-12-24 18:00,27.670494847577213
2025-12-24 19:00,26.28191179979142
2025-12-24 20:00,16.708965521359524
2025-12-24 21:00,18.553839368151287
2025-12-24 22:00,15.657930036576989
2025-12-24 23:00,19.529696132302213
2025-12-25 00:00,12.759716672809915
2025-12-25 01:00,21.38293334349963
2025-12-25 02:00,25.141027674484057
2025-12-25 03:00,23.501543983386128
2025-12-25 04:00,32.656696347278015
2025-12-25 05:00,38.359285373886706
2025-12-25 06:00,35.76221623600016
2025-12-25 07:00,39.41713597648878
2025-12-25 08:00,45.090149362917785
2025-12-25 09:00,44.50255688071394
2025-12-25 10:00,51.38089321112818
2025-12-25 11:00,54.375902066202315
2025-12-25 12:00,61.61330867250494
2025-12-25 13:00,65.1423263431005
2025-12-25 14:00,61.45256724866712
2025-12-25 15:00,62.650588176774896
2025-12-25 16:00,66.80380566014898
2025-12-25 17:00,63.33855537631091
2025-12-25 18:00,66.66226570301356
2025-12-25 19:00,66.08450634208165
2025-12-25 20:00,64.16502048520758
2025-12-25 21:00,60.1163400268699
2025-12-25 22:00,61.047410445843624
2025-12-25 23:00,68.24994218392786
2025-12-26 00:00,64.69140724198976
2025-12-26 01:00,64.89251279276111
2025-12-26 02:00,66.53775927460316
2025-12-26 03:00,65.79121430012633
2025-12-26 04:00,65.19202237089226
2025-12-26 05:00,63.52300594702928
2025-12-26 06:00,58.94507165138275
2025-12-26 07:00,57.13004401199639
2025-12-26 08:00,55.11498140919227
2025-12-26 09:00,55.92035292735473
2025-12-26 10:00,54.25857301394815
2025-12-26 11:00,54.70853718639721
2025-12-26 12:00,54.42205496209323
2025-12-26 13:00,52.51542428983417
2025-12-26 14:00,52.65308690546503
2025-12-26 15:00,51.06489427942722
2025-12-26 16:00,52.05302327821211
2025-12-26 17:00,46.70456178579231
2025-12-26 18:00,35.51065270192797
2025-12-26 19:00,30.06808574327688
2025-12-26 20:00,25.235975672416853
2025-12-26 21:00,23.276097618370684
2025-12-26 22:00,7.0302757587892994
2025-12-26 23:00,2.158318794776071
2025-12-27 00:00,5.273386676438127
2025-12-27 01:00,5.402878111024317
2025-12-27 02:00,4.62222648960347
2025-12-27 03:00,4.372297485614822
2025-12-27 04:00,4.03765498120741
2025-12-27 05:00,4.038874461103472
2025-12-27 06:00,3.3074172034953677
2025-12-27 07:00,3.5949929704467793
2025-12-27 08:00,3.434034714878233
2025-12-27 09:00,3.088605887654377
2025-12-27 10:00,2.1252576380413353
2025-12-27 11:00,1.9913406990572498
2025-12-27 12:00,2.3428659383395365
2025-12-27 13:00,1.792115136468051
2025-12-27 14:00,3.181039082038736
2025-12-27 15:00,3.5417277875817916
2025-12-27 16:00,4.403008537440599
2025-12-27 17:00,3.105773417004464
2025-12-27 18:00,6.007529350997713
2025-12-27 19:00,2.9679794085490263
2025-12-27 20:00,4.825217121161021
2025-12-27 21:00,3.0971808091057507
2025-12-27 22:00,3.7999587571989917
2025-12-27 23:00,4.597357885565581
2025-12-28 00:00,4.938801384156734
2025-12-28 01:00,3.1408757680814614
2025-12-28 02:00,3.3340552602830966
2025-12-28 03:00,3.7106945787763244
2025-12-28 04:00,3.5374578432368122
2025-12-28 05:00,3.630069607809342
2025-12-28 06:00,1.924573914514212
2025-12-28 07:00,2.48532247723987
2025-12-28 08:00,2.376366044820843
2025-12-28 09:00,3.4503538171267745
2025-12-28 10:00,5.254368778685346
2025-12-28 11:00,4.85924326509436
2025-12-28 12:00,3.9364973952815765
2025-12-28 13:00,8.486503765691674
2025-12-28 14:00,7.839247751275997
2025-12-28 15:00,8.016277383069127
2025-12-28 16:00,13.972356071275234
2025-12-28 17:00,20.003718357877865
2025-12-28 18:00,23.791894392681915
2025-12-28 19:00,29.284437906047806
2025-12-28 20:00,37.477567576929005
2025-12-28 21:00,34.224528621437585
2025-12-28 22:00,38.241240145498075
2025-12-28 23:00,43.13344633480212
2025-12-29 00:00,17.289294694375684
2025-12-29 01:00,24.033872576173856
2025-12-29 02:00,31.647805915339518
2025-12-29 03:00,26.45295980529422
2025-12-29 04:00,31.581686020074805
2025-12-29 05:00,32.75220843902977
2025-12-29 06:00,32.74461823421659
2025-12-29 07:00,34.56581004726827
2025-12-29 08:00,35.188192251737014
2025-12-29 09:00,27.43587781406855
2025-12-29 10:00,30.040490711894602
2025-12-29 11:00,24.236814420794136
2025-12-29 12:00,23.338442169756746
2025-12-29 13:00,30.024220182548408
2025-12-29 14:00,21.921931188556954
2025-12-29 15:00,30.04259508684074
2025-12-29 16:00,32.0269359655902
2025-12-29 17:00,30.388791678327088
2025-12-29 18:00,22.347159273589998
2025-12-29 19:00,20.805515946259654
2025-12-29 20:00,17.84800525078617
2025-12-29 21:00,17.273385516116104
2025-12-29 22:00,22.49910095945607
2025-12-29 23:00,15.15230131950795
2025-12-30 00:00,13.864769519056827
2025-12-30 01:00,12.796796871042284
2025-12-30 02:00,12.778428958594276
2025-12-30 03:00,18.08778603798671
2025-12-30 04:00,21.631856874468724
2025-12-30 05:00,21.17911548118011
2025-12-30 06:00,26.302371398262377
2025-12-30 07:00,32.38511664169006
2025-12-30 08:00,27.564505185097104
2025-12-30 09:00,33.884299602705774
2025-12-30 10:00,32.221660390220954
2025-12-30 11:00,29.165239168089393
2025-12-30 12:00,33.13351267171644
2025-12-30 13:00,29.624671623182895
2025-12-30 14:00,29.450603590894687
2025-12-30 15:00,30.930213503382493
2025-12-30 16:00,32.53362274262365
2025-12-30 17:00,29.526579506663964
2025-12-30 18:00,18.714448275986186
2025-12-30 19:00,22.782711393533102
2025-12-30 20:00,15.532314418799185
2025-12-30 21:00,9.303497515275481
2025-12-30 22:00,3.739159477668351
2025-12-30 23:00,0.5101094633587405
2025-12-31 00:00,14.738242122295102
2025-12-31 01:00,22.07321996444786
2025-12-31 02:00,30.82738180775766
2025-12-31 03:00,37.432688721038275
2025-12-31 04:00,40.27101407865747
2025-12-31 05:00,48.38162088356227
2025-12-31 06:00,46.9543820921632
2025-12-31 07:00,55.96192722588401
2025-12-31 08:00,54.58431075840157
2025-12-31 09:00,52.56388145415967
2025-12-31 10:00,54.15041966585609
2025-12-31 11:00,52.44428942511465
2025-12-31 12:00,53.25277263876873
2025-12-31 13:00,52.87083113872947
2025-12-31 14:00,52.206280208632535
2025-12-31 15:00,52.16722700155843
2025-12-31 16:00,53.558905054047244
2025-12-31 17:00,52.33135109706757
2025-12-31 18:00,53.17219434991125
2025-12-31 19:00,48.85367909553127
2025-12-31 20:00,40.9489534802257
2025-12-31 21:00,40.34119828982904
2025-12-31 22:00,40.264640361940096
2025-12-31 23:00,41.455959809797
